Location,Result,Units,Datetime
Lake Mead Hoover Dam and Powerplant,19446,af,01/01/21
Lake Mead Hoover Dam and Powerplant,18237.1,af,01/02/21
Lake Mead Hoover Dam and Powerplant,21219.9,af,01/03/21
Lake Mead Hoover Dam and Powerplant,16446.1,af,01/04/21
Lake Mead Hoover Dam and Powerplant,18087.9,af,01/05/21
Lake Mead Hoover Dam and Powerplant,18610,af,01/06/21
Lake Mead Hoover Dam and Powerplant,17066,af,01/07/21
Lake Mead Hoover Dam and Powerplant,16843,af,01/08/21
Lake Mead Hoover Dam and Powerplant,15002.1,af,01/09/21
Lake Mead Hoover Dam and Powerplant,16608.9,af,01/10/21
Lake Mead Hoover Dam and Powerplant,18409.8,af,01/11/21
Lake Mead Hoover Dam and Powerplant,18570,af,01/12/21
Lake Mead Hoover Dam and Powerplant,18792.1,af,01/13/21
Lake Mead Hoover Dam and Powerplant,17860,af,01/14/21
Lake Mead Hoover Dam and Powerplant,15865.8,af,01/15/21
Lake Mead Hoover Dam and Powerplant,17907,af,01/16/21
Lake Mead Hoover Dam and Powerplant,20386,af,01/17/21
Lake Mead Hoover Dam and Powerplant,20153.9,af,01/18/21
Lake Mead Hoover Dam and Powerplant,21812.2,af,01/19/21
Lake Mead Hoover Dam and Powerplant,21298.8,af,01/20/21
Lake Mead Hoover Dam and Powerplant,18929.7,af,01/21/21
Lake Mead Hoover Dam and Powerplant,21437.9,af,01/22/21
Lake Mead Hoover Dam and Powerplant,18784,af,01/23/21
Lake Mead Hoover Dam and Powerplant,21310.1,af,01/24/21
Lake Mead Hoover Dam and Powerplant,23761.1,af,01/25/21
Lake Mead Hoover Dam and Powerplant,22369,af,01/26/21
Lake Mead Hoover Dam and Powerplant,21651.8,af,01/27/21
Lake Mead Hoover Dam and Powerplant,18314.9,af,01/28/21
Lake Mead Hoover Dam and Powerplant,19456,af,01/29/21
Lake Mead Hoover Dam and Powerplant,17994.9,af,01/30/21
Lake Mead Hoover Dam and Powerplant,20012.9,af,01/31/21
Lake Mead Hoover Dam and Powerplant,12097.9,af,02/01/21
Lake Mead Hoover Dam and Powerplant,10573.2,af,02/02/21
Lake Mead Hoover Dam and Powerplant,11782,af,02/03/21
Lake Mead Hoover Dam and Powerplant,12487.5,af,02/04/21
Lake Mead Hoover Dam and Powerplant,11907.9,af,02/05/21
Lake Mead Hoover Dam and Powerplant,9621.07,af,02/06/21
Lake Mead Hoover Dam and Powerplant,13025.2,af,02/07/21
Lake Mead Hoover Dam and Powerplant,19911.1,af,02/08/21
Lake Mead Hoover Dam and Powerplant,24486.9,af,02/09/21
Lake Mead Hoover Dam and Powerplant,22577.9,af,02/10/21
Lake Mead Hoover Dam and Powerplant,20255.9,af,02/11/21
Lake Mead Hoover Dam and Powerplant,16218,af,02/12/21
Lake Mead Hoover Dam and Powerplant,18185.9,af,02/13/21
Lake Mead Hoover Dam and Powerplant,23083,af,02/14/21
Lake Mead Hoover Dam and Powerplant,36611.2,af,02/15/21
Lake Mead Hoover Dam and Powerplant,34962.9,af,02/16/21
Lake Mead Hoover Dam and Powerplant,33624.7,af,02/17/21
Lake Mead Hoover Dam and Powerplant,23287.1,af,02/18/21
Lake Mead Hoover Dam and Powerplant,19934,af,02/19/21
Lake Mead Hoover Dam and Powerplant,21760,af,02/20/21
Lake Mead Hoover Dam and Powerplant,21276.8,af,02/21/21
Lake Mead Hoover Dam and Powerplant,22412,af,02/22/21
Lake Mead Hoover Dam and Powerplant,24338.2,af,02/23/21
Lake Mead Hoover Dam and Powerplant,21605.2,af,02/24/21
Lake Mead Hoover Dam and Powerplant,22509,af,02/25/21
Lake Mead Hoover Dam and Powerplant,22296.2,af,02/26/21
Lake Mead Hoover Dam and Powerplant,23031.9,af,02/27/21
Lake Mead Hoover Dam and Powerplant,20449.1,af,02/28/21
Lake Mead Hoover Dam and Powerplant,28521,af,03/01/21
Lake Mead Hoover Dam and Powerplant,26277.2,af,03/02/21
Lake Mead Hoover Dam and Powerplant,26830.8,af,03/03/21
Lake Mead Hoover Dam and Powerplant,28267.1,af,03/04/21
Lake Mead Hoover Dam and Powerplant,27640.8,af,03/05/21
Lake Mead Hoover Dam and Powerplant,22788,af,03/06/21
Lake Mead Hoover Dam and Powerplant,24291.9,af,03/07/21
Lake Mead Hoover Dam and Powerplant,31740.2,af,03/08/21
Lake Mead Hoover Dam and Powerplant,31957.2,af,03/09/21
Lake Mead Hoover Dam and Powerplant,35223,af,03/10/21
Lake Mead Hoover Dam and Powerplant,38080,af,03/11/21
Lake Mead Hoover Dam and Powerplant,36598.3,af,03/12/21
Lake Mead Hoover Dam and Powerplant,29951,af,03/13/21
Lake Mead Hoover Dam and Powerplant,29864,af,03/14/21
Lake Mead Hoover Dam and Powerplant,34029.8,af,03/15/21
Lake Mead Hoover Dam and Powerplant,35145,af,03/16/21
Lake Mead Hoover Dam and Powerplant,33295.9,af,03/17/21
Lake Mead Hoover Dam and Powerplant,31131.2,af,03/18/21
Lake Mead Hoover Dam and Powerplant,33312.9,af,03/19/21
Lake Mead Hoover Dam and Powerplant,25991.1,af,03/20/21
Lake Mead Hoover Dam and Powerplant,23351,af,03/21/21
Lake Mead Hoover Dam and Powerplant,32868.1,af,03/22/21
Lake Mead Hoover Dam and Powerplant,33214.1,af,03/23/21
Lake Mead Hoover Dam and Powerplant,32770.1,af,03/24/21
Lake Mead Hoover Dam and Powerplant,35990,af,03/25/21
Lake Mead Hoover Dam and Powerplant,31530,af,03/26/21
Lake Mead Hoover Dam and Powerplant,27259.3,af,03/27/21
Lake Mead Hoover Dam and Powerplant,26409.1,af,03/28/21
Lake Mead Hoover Dam and Powerplant,28404,af,03/29/21
Lake Mead Hoover Dam and Powerplant,30013.1,af,03/30/21
Lake Mead Hoover Dam and Powerplant,32543,af,03/31/21
Lake Mead Hoover Dam and Powerplant,33214.9,af,04/01/21
Lake Mead Hoover Dam and Powerplant,32447,af,04/02/21
Lake Mead Hoover Dam and Powerplant,30098.9,af,04/03/21
Lake Mead Hoover Dam and Powerplant,31146.9,af,04/04/21
Lake Mead Hoover Dam and Powerplant,33100.2,af,04/05/21
Lake Mead Hoover Dam and Powerplant,33585,af,04/06/21
Lake Mead Hoover Dam and Powerplant,33972.7,af,04/07/21
Lake Mead Hoover Dam and Powerplant,35874.3,af,04/08/21
Lake Mead Hoover Dam and Powerplant,34978,af,04/09/21
Lake Mead Hoover Dam and Powerplant,31824.9,af,04/10/21
Lake Mead Hoover Dam and Powerplant,24697.2,af,04/11/21
Lake Mead Hoover Dam and Powerplant,33943.7,af,04/12/21
Lake Mead Hoover Dam and Powerplant,31788.9,af,04/13/21
Lake Mead Hoover Dam and Powerplant,38815,af,04/14/21
Lake Mead Hoover Dam and Powerplant,37312.1,af,04/15/21
Lake Mead Hoover Dam and Powerplant,33523,af,04/16/21
Lake Mead Hoover Dam and Powerplant,30215,af,04/17/21
Lake Mead Hoover Dam and Powerplant,27184,af,04/18/21
Lake Mead Hoover Dam and Powerplant,31904.1,af,04/19/21
Lake Mead Hoover Dam and Powerplant,41342.1,af,04/20/21
Lake Mead Hoover Dam and Powerplant,42058,af,04/21/21
Lake Mead Hoover Dam and Powerplant,38724,af,04/22/21
Lake Mead Hoover Dam and Powerplant,38295.9,af,04/23/21
Lake Mead Hoover Dam and Powerplant,40612.1,af,04/24/21
Lake Mead Hoover Dam and Powerplant,36823.9,af,04/25/21
Lake Mead Hoover Dam and Powerplant,37419,af,04/26/21
Lake Mead Hoover Dam and Powerplant,35175.1,af,04/27/21
Lake Mead Hoover Dam and Powerplant,38337.9,af,04/28/21
Lake Mead Hoover Dam and Powerplant,43651,af,04/29/21
Lake Mead Hoover Dam and Powerplant,44727.9,af,04/30/21
Lake Mead Hoover Dam and Powerplant,36343.1,af,05/01/21
Lake Mead Hoover Dam and Powerplant,32318.8,af,05/02/21
Lake Mead Hoover Dam and Powerplant,39178.2,af,05/03/21
Lake Mead Hoover Dam and Powerplant,42810.9,af,05/04/21
Lake Mead Hoover Dam and Powerplant,38814,af,05/05/21
Lake Mead Hoover Dam and Powerplant,41235,af,05/06/21
Lake Mead Hoover Dam and Powerplant,40873,af,05/07/21
Lake Mead Hoover Dam and Powerplant,35865.9,af,05/08/21
Lake Mead Hoover Dam and Powerplant,28268.9,af,05/09/21
Lake Mead Hoover Dam and Powerplant,27969.4,af,05/10/21
Lake Mead Hoover Dam and Powerplant,25111.9,af,05/11/21
Lake Mead Hoover Dam and Powerplant,30721.2,af,05/12/21
Lake Mead Hoover Dam and Powerplant,32291,af,05/13/21
Lake Mead Hoover Dam and Powerplant,36562,af,05/14/21
Lake Mead Hoover Dam and Powerplant,30721.9,af,05/15/21
Lake Mead Hoover Dam and Powerplant,26670.9,af,05/16/21
Lake Mead Hoover Dam and Powerplant,28946,af,05/17/21
Lake Mead Hoover Dam and Powerplant,32657.9,af,05/18/21
Lake Mead Hoover Dam and Powerplant,38177.9,af,05/19/21
Lake Mead Hoover Dam and Powerplant,33946,af,05/20/21
Lake Mead Hoover Dam and Powerplant,34662.8,af,05/21/21
Lake Mead Hoover Dam and Powerplant,30609.2,af,05/22/21
Lake Mead Hoover Dam and Powerplant,25757.9,af,05/23/21
Lake Mead Hoover Dam and Powerplant,40931.2,af,05/24/21
Lake Mead Hoover Dam and Powerplant,39025.9,af,05/25/21
Lake Mead Hoover Dam and Powerplant,36775.9,af,05/26/21
Lake Mead Hoover Dam and Powerplant,42724.1,af,05/27/21
Lake Mead Hoover Dam and Powerplant,37412,af,05/28/21
Lake Mead Hoover Dam and Powerplant,34510.1,af,05/29/21
Lake Mead Hoover Dam and Powerplant,31752.1,af,05/30/21
Lake Mead Hoover Dam and Powerplant,33632,af,05/31/21
Lake Mead Hoover Dam and Powerplant,39454,af,06/01/21
Lake Mead Hoover Dam and Powerplant,41233.1,af,06/02/21
Lake Mead Hoover Dam and Powerplant,41220.9,af,06/03/21
Lake Mead Hoover Dam and Powerplant,27126,af,06/04/21
Lake Mead Hoover Dam and Powerplant,25223,af,06/05/21
Lake Mead Hoover Dam and Powerplant,19862,af,06/06/21
Lake Mead Hoover Dam and Powerplant,28925.9,af,06/07/21
Lake Mead Hoover Dam and Powerplant,25986.8,af,06/08/21
Lake Mead Hoover Dam and Powerplant,21193.1,af,06/09/21
Lake Mead Hoover Dam and Powerplant,26246,af,06/10/21
Lake Mead Hoover Dam and Powerplant,34088,af,06/11/21
Lake Mead Hoover Dam and Powerplant,28882.1,af,06/12/21
Lake Mead Hoover Dam and Powerplant,30581.8,af,06/13/21
Lake Mead Hoover Dam and Powerplant,33306,af,06/14/21
Lake Mead Hoover Dam and Powerplant,36097.8,af,06/15/21
Lake Mead Hoover Dam and Powerplant,34177.9,af,06/16/21
Lake Mead Hoover Dam and Powerplant,36043.1,af,06/17/21
Lake Mead Hoover Dam and Powerplant,34117,af,06/18/21
Lake Mead Hoover Dam and Powerplant,27467.1,af,06/19/21
Lake Mead Hoover Dam and Powerplant,23786.9,af,06/20/21
Lake Mead Hoover Dam and Powerplant,34271.8,af,06/21/21
Lake Mead Hoover Dam and Powerplant,35066.9,af,06/22/21
Lake Mead Hoover Dam and Powerplant,28629.9,af,06/23/21
Lake Mead Hoover Dam and Powerplant,29044.9,af,06/24/21
Lake Mead Hoover Dam and Powerplant,30703.1,af,06/25/21
Lake Mead Hoover Dam and Powerplant,28077.9,af,06/26/21
Lake Mead Hoover Dam and Powerplant,25441.9,af,06/27/21
Lake Mead Hoover Dam and Powerplant,37868.9,af,06/28/21
Lake Mead Hoover Dam and Powerplant,37665,af,06/29/21
Lake Mead Hoover Dam and Powerplant,37033.1,af,06/30/21
Lake Mead Hoover Dam and Powerplant,34429,af,07/01/21
Lake Mead Hoover Dam and Powerplant,31290.9,af,07/02/21
Lake Mead Hoover Dam and Powerplant,23936,af,07/03/21
Lake Mead Hoover Dam and Powerplant,24253.1,af,07/04/21
Lake Mead Hoover Dam and Powerplant,22979,af,07/05/21
Lake Mead Hoover Dam and Powerplant,28460.2,af,07/06/21
Lake Mead Hoover Dam and Powerplant,33189.4,af,07/07/21
Lake Mead Hoover Dam and Powerplant,33032.1,af,07/08/21
Lake Mead Hoover Dam and Powerplant,33219,af,07/09/21
Lake Mead Hoover Dam and Powerplant,25045.9,af,07/10/21
Lake Mead Hoover Dam and Powerplant,22410.9,af,07/11/21
Lake Mead Hoover Dam and Powerplant,34037,af,07/12/21
Lake Mead Hoover Dam and Powerplant,33185,af,07/13/21
Lake Mead Hoover Dam and Powerplant,29639,af,07/14/21
Lake Mead Hoover Dam and Powerplant,28420,af,07/15/21
Lake Mead Hoover Dam and Powerplant,22661.2,af,07/16/21
Lake Mead Hoover Dam and Powerplant,19059.2,af,07/17/21
Lake Mead Hoover Dam and Powerplant,18350.9,af,07/18/21
Lake Mead Hoover Dam and Powerplant,28241.9,af,07/19/21
Lake Mead Hoover Dam and Powerplant,32391.9,af,07/20/21
Lake Mead Hoover Dam and Powerplant,29473.9,af,07/21/21
Lake Mead Hoover Dam and Powerplant,31025,af,07/22/21
Lake Mead Hoover Dam and Powerplant,27032.9,af,07/23/21
Lake Mead Hoover Dam and Powerplant,22175.1,af,07/24/21
Lake Mead Hoover Dam and Powerplant,18551.1,af,07/25/21
Lake Mead Hoover Dam and Powerplant,23917,af,07/26/21
Lake Mead Hoover Dam and Powerplant,31218,af,07/27/21
Lake Mead Hoover Dam and Powerplant,34564.1,af,07/28/21
Lake Mead Hoover Dam and Powerplant,34701.8,af,07/29/21
Lake Mead Hoover Dam and Powerplant,29504.3,af,07/30/21
Lake Mead Hoover Dam and Powerplant,21268.2,af,07/31/21
Lake Mead Hoover Dam and Powerplant,17459.1,af,08/01/21
Lake Mead Hoover Dam and Powerplant,29918,af,08/02/21
Lake Mead Hoover Dam and Powerplant,27193,af,08/03/21
Lake Mead Hoover Dam and Powerplant,33509.2,af,08/04/21
Lake Mead Hoover Dam and Powerplant,34341.9,af,08/05/21
Lake Mead Hoover Dam and Powerplant,29313.9,af,08/06/21
Lake Mead Hoover Dam and Powerplant,21443,af,08/07/21
Lake Mead Hoover Dam and Powerplant,18701,af,08/08/21
Lake Mead Hoover Dam and Powerplant,19647,af,08/09/21
Lake Mead Hoover Dam and Powerplant,22386.8,af,08/10/21
Lake Mead Hoover Dam and Powerplant,26112.1,af,08/11/21
Lake Mead Hoover Dam and Powerplant,28171.9,af,08/12/21
Lake Mead Hoover Dam and Powerplant,29245.2,af,08/13/21
Lake Mead Hoover Dam and Powerplant,24493,af,08/14/21
Lake Mead Hoover Dam and Powerplant,21207,af,08/15/21
Lake Mead Hoover Dam and Powerplant,28034,af,08/16/21
Lake Mead Hoover Dam and Powerplant,27864.1,af,08/17/21
Lake Mead Hoover Dam and Powerplant,25573,af,08/18/21
Lake Mead Hoover Dam and Powerplant,23297.9,af,08/19/21
Lake Mead Hoover Dam and Powerplant,23298.8,af,08/20/21
Lake Mead Hoover Dam and Powerplant,19189.9,af,08/21/21
Lake Mead Hoover Dam and Powerplant,19339,af,08/22/21
Lake Mead Hoover Dam and Powerplant,15973,af,08/23/21
Lake Mead Hoover Dam and Powerplant,11331.8,af,08/24/21
Lake Mead Hoover Dam and Powerplant,23812,af,08/25/21
Lake Mead Hoover Dam and Powerplant,29690.2,af,08/26/21
Lake Mead Hoover Dam and Powerplant,35930.1,af,08/27/21
Lake Mead Hoover Dam and Powerplant,26949.5,af,08/28/21
Lake Mead Hoover Dam and Powerplant,19908.9,af,08/29/21
Lake Mead Hoover Dam and Powerplant,26654.9,af,08/30/21
Lake Mead Hoover Dam and Powerplant,26342.8,af,08/31/21
Lake Mead Hoover Dam and Powerplant,19239.1,af,09/01/21
Lake Mead Hoover Dam and Powerplant,22762,af,09/02/21
Lake Mead Hoover Dam and Powerplant,23584,af,09/03/21
Lake Mead Hoover Dam and Powerplant,18974.8,af,09/04/21
Lake Mead Hoover Dam and Powerplant,25385.2,af,09/05/21
Lake Mead Hoover Dam and Powerplant,22474,af,09/06/21
Lake Mead Hoover Dam and Powerplant,26033.8,af,09/07/21
Lake Mead Hoover Dam and Powerplant,22367,af,09/08/21
Lake Mead Hoover Dam and Powerplant,27079.1,af,09/09/21
Lake Mead Hoover Dam and Powerplant,22173.8,af,09/10/21
Lake Mead Hoover Dam and Powerplant,17896.9,af,09/11/21
Lake Mead Hoover Dam and Powerplant,15962,af,09/12/21
Lake Mead Hoover Dam and Powerplant,26963.9,af,09/13/21
Lake Mead Hoover Dam and Powerplant,21460,af,09/14/21
Lake Mead Hoover Dam and Powerplant,17779.1,af,09/15/21
Lake Mead Hoover Dam and Powerplant,19653.9,af,09/16/21
Lake Mead Hoover Dam and Powerplant,21554,af,09/17/21
Lake Mead Hoover Dam and Powerplant,16593,af,09/18/21
Lake Mead Hoover Dam and Powerplant,18024,af,09/19/21
Lake Mead Hoover Dam and Powerplant,17915,af,09/20/21
Lake Mead Hoover Dam and Powerplant,21102.9,af,09/21/21
Lake Mead Hoover Dam and Powerplant,26023.9,af,09/22/21
Lake Mead Hoover Dam and Powerplant,23721.3,af,09/23/21
Lake Mead Hoover Dam and Powerplant,18124,af,09/24/21
Lake Mead Hoover Dam and Powerplant,18450.1,af,09/25/21
Lake Mead Hoover Dam and Powerplant,19202.1,af,09/26/21
Lake Mead Hoover Dam and Powerplant,16906,af,09/27/21
Lake Mead Hoover Dam and Powerplant,16301.1,af,09/28/21
Lake Mead Hoover Dam and Powerplant,17541.9,af,09/29/21
Lake Mead Hoover Dam and Powerplant,15106.9,af,09/30/21
Lake Mead Hoover Dam and Powerplant,20143.9,af,10/01/21
Lake Mead Hoover Dam and Powerplant,20753.9,af,10/02/21
Lake Mead Hoover Dam and Powerplant,19068.1,af,10/03/21
Lake Mead Hoover Dam and Powerplant,24021,af,10/04/21
Lake Mead Hoover Dam and Powerplant,21999,af,10/05/21
Lake Mead Hoover Dam and Powerplant,23104,af,10/06/21
Lake Mead Hoover Dam and Powerplant,21087.9,af,10/07/21
Lake Mead Hoover Dam and Powerplant,19708.9,af,10/08/21
Lake Mead Hoover Dam and Powerplant,17491.2,af,10/09/21
Lake Mead Hoover Dam and Powerplant,15517,af,10/10/21
Lake Mead Hoover Dam and Powerplant,12237.1,af,10/11/21
Lake Mead Hoover Dam and Powerplant,11001.8,af,10/12/21
Lake Mead Hoover Dam and Powerplant,8449.01,af,10/13/21
Lake Mead Hoover Dam and Powerplant,10217.9,af,10/14/21
Lake Mead Hoover Dam and Powerplant,8634.96,af,10/15/21
Lake Mead Hoover Dam and Powerplant,7627.11,af,10/16/21
Lake Mead Hoover Dam and Powerplant,7621.24,af,10/17/21
Lake Mead Hoover Dam and Powerplant,19049.1,af,10/18/21
Lake Mead Hoover Dam and Powerplant,20428.9,af,10/19/21
Lake Mead Hoover Dam and Powerplant,22560,af,10/20/21
Lake Mead Hoover Dam and Powerplant,26357.9,af,10/21/21
Lake Mead Hoover Dam and Powerplant,23910,af,10/22/21
Lake Mead Hoover Dam and Powerplant,21859.9,af,10/23/21
Lake Mead Hoover Dam and Powerplant,20254.2,af,10/24/21
Lake Mead Hoover Dam and Powerplant,21940,af,10/25/21
Lake Mead Hoover Dam and Powerplant,21180.9,af,10/26/21
Lake Mead Hoover Dam and Powerplant,23039,af,10/27/21
Lake Mead Hoover Dam and Powerplant,24599.1,af,10/28/21
Lake Mead Hoover Dam and Powerplant,25939.1,af,10/29/21
Lake Mead Hoover Dam and Powerplant,20864,af,10/30/21
Lake Mead Hoover Dam and Powerplant,19906.1,af,10/31/21
Lake Mead Hoover Dam and Powerplant,24536,af,11/01/21
Lake Mead Hoover Dam and Powerplant,26823.1,af,11/02/21
Lake Mead Hoover Dam and Powerplant,27553.1,af,11/03/21
Lake Mead Hoover Dam and Powerplant,25960,af,11/04/21
Lake Mead Hoover Dam and Powerplant,24318,af,11/05/21
Lake Mead Hoover Dam and Powerplant,20193.1,af,11/06/21
Lake Mead Hoover Dam and Powerplant,19486.2,af,11/07/21
Lake Mead Hoover Dam and Powerplant,20979.1,af,11/08/21
Lake Mead Hoover Dam and Powerplant,21385.1,af,11/09/21
Lake Mead Hoover Dam and Powerplant,18501,af,11/10/21
Lake Mead Hoover Dam and Powerplant,19669.7,af,11/11/21
Lake Mead Hoover Dam and Powerplant,18476,af,11/12/21
Lake Mead Hoover Dam and Powerplant,15302.2,af,11/13/21
Lake Mead Hoover Dam and Powerplant,18384,af,11/14/21
Lake Mead Hoover Dam and Powerplant,19509,af,11/15/21
Lake Mead Hoover Dam and Powerplant,17699.2,af,11/16/21
Lake Mead Hoover Dam and Powerplant,20536.9,af,11/17/21
Lake Mead Hoover Dam and Powerplant,22702.9,af,11/18/21
Lake Mead Hoover Dam and Powerplant,24182.8,af,11/19/21
Lake Mead Hoover Dam and Powerplant,20867.9,af,11/20/21
Lake Mead Hoover Dam and Powerplant,19579,af,11/21/21
Lake Mead Hoover Dam and Powerplant,22110.9,af,11/22/21
Lake Mead Hoover Dam and Powerplant,22145,af,11/23/21
Lake Mead Hoover Dam and Powerplant,23067.9,af,11/24/21
Lake Mead Hoover Dam and Powerplant,20322.9,af,11/25/21
Lake Mead Hoover Dam and Powerplant,17604,af,11/26/21
Lake Mead Hoover Dam and Powerplant,18609,af,11/27/21
Lake Mead Hoover Dam and Powerplant,20277,af,11/28/21
Lake Mead Hoover Dam and Powerplant,25793.1,af,11/29/21
Lake Mead Hoover Dam and Powerplant,25747,af,11/30/21
Lake Mead Hoover Dam and Powerplant,18295,af,12/01/21
Lake Mead Hoover Dam and Powerplant,18875,af,12/02/21
Lake Mead Hoover Dam and Powerplant,16934.1,af,12/03/21
Lake Mead Hoover Dam and Powerplant,13235,af,12/04/21
Lake Mead Hoover Dam and Powerplant,16219,af,12/05/21
Lake Mead Hoover Dam and Powerplant,16410,af,12/06/21
Lake Mead Hoover Dam and Powerplant,15559,af,12/07/21
Lake Mead Hoover Dam and Powerplant,17116.9,af,12/08/21
Lake Mead Hoover Dam and Powerplant,16502.2,af,12/09/21
Lake Mead Hoover Dam and Powerplant,15921,af,12/10/21
Lake Mead Hoover Dam and Powerplant,14086,af,12/11/21
Lake Mead Hoover Dam and Powerplant,13999,af,12/12/21
Lake Mead Hoover Dam and Powerplant,18256.1,af,12/13/21
Lake Mead Hoover Dam and Powerplant,17079.9,af,12/14/21
Lake Mead Hoover Dam and Powerplant,20164.9,af,12/15/21
Lake Mead Hoover Dam and Powerplant,19681.8,af,12/16/21
Lake Mead Hoover Dam and Powerplant,15089.9,af,12/17/21
Lake Mead Hoover Dam and Powerplant,11546.8,af,12/18/21
Lake Mead Hoover Dam and Powerplant,16192,af,12/19/21
Lake Mead Hoover Dam and Powerplant,17193.8,af,12/20/21
Lake Mead Hoover Dam and Powerplant,19735,af,12/21/21
Lake Mead Hoover Dam and Powerplant,17499,af,12/22/21
Lake Mead Hoover Dam and Powerplant,15519.1,af,12/23/21
Lake Mead Hoover Dam and Powerplant,13794,af,12/24/21
Lake Mead Hoover Dam and Powerplant,14401.1,af,12/25/21
Lake Mead Hoover Dam and Powerplant,15290.9,af,12/26/21
Lake Mead Hoover Dam and Powerplant,16019,af,12/27/21
Lake Mead Hoover Dam and Powerplant,18521.1,af,12/28/21
Lake Mead Hoover Dam and Powerplant,17331.1,af,12/29/21
Lake Mead Hoover Dam and Powerplant,14436,af,12/30/21
Lake Mead Hoover Dam and Powerplant,11669,af,12/31/21
Lake Mead Hoover Dam and Powerplant,13927.8,af,01/01/22
Lake Mead Hoover Dam and Powerplant,19706.9,af,01/02/22
Lake Mead Hoover Dam and Powerplant,19087.1,af,01/03/22
Lake Mead Hoover Dam and Powerplant,23367.9,af,01/04/22
Lake Mead Hoover Dam and Powerplant,22240,af,01/05/22
Lake Mead Hoover Dam and Powerplant,20015.9,af,01/06/22
Lake Mead Hoover Dam and Powerplant,19166.9,af,01/07/22
Lake Mead Hoover Dam and Powerplant,15765.2,af,01/08/22
Lake Mead Hoover Dam and Powerplant,15219.8,af,01/09/22
Lake Mead Hoover Dam and Powerplant,20056.9,af,01/10/22
Lake Mead Hoover Dam and Powerplant,18095,af,01/11/22
Lake Mead Hoover Dam and Powerplant,16285,af,01/12/22
Lake Mead Hoover Dam and Powerplant,17681.9,af,01/13/22
Lake Mead Hoover Dam and Powerplant,15969.1,af,01/14/22
Lake Mead Hoover Dam and Powerplant,17736,af,01/15/22
Lake Mead Hoover Dam and Powerplant,18170.2,af,01/16/22
Lake Mead Hoover Dam and Powerplant,21190.2,af,01/17/22
Lake Mead Hoover Dam and Powerplant,21923.1,af,01/18/22
Lake Mead Hoover Dam and Powerplant,24066,af,01/19/22
Lake Mead Hoover Dam and Powerplant,25756.8,af,01/20/22
Lake Mead Hoover Dam and Powerplant,22839,af,01/21/22
Lake Mead Hoover Dam and Powerplant,21875,af,01/22/22
Lake Mead Hoover Dam and Powerplant,17464,af,01/23/22
Lake Mead Hoover Dam and Powerplant,19963,af,01/24/22
Lake Mead Hoover Dam and Powerplant,20046.2,af,01/25/22
Lake Mead Hoover Dam and Powerplant,23760.1,af,01/26/22
Lake Mead Hoover Dam and Powerplant,24605,af,01/27/22
Lake Mead Hoover Dam and Powerplant,27484,af,01/28/22
Lake Mead Hoover Dam and Powerplant,24365.1,af,01/29/22
Lake Mead Hoover Dam and Powerplant,22546,af,01/30/22
Lake Mead Hoover Dam and Powerplant,29149.9,af,01/31/22
Lake Mead Hoover Dam and Powerplant,20849.7,af,02/01/22
Lake Mead Hoover Dam and Powerplant,21418.8,af,02/02/22
Lake Mead Hoover Dam and Powerplant,24763.7,af,02/03/22
Lake Mead Hoover Dam and Powerplant,22946.9,af,02/04/22
Lake Mead Hoover Dam and Powerplant,19854,af,02/05/22
Lake Mead Hoover Dam and Powerplant,19689.9,af,02/06/22
Lake Mead Hoover Dam and Powerplant,18335.9,af,02/07/22
Lake Mead Hoover Dam and Powerplant,17028,af,02/08/22
Lake Mead Hoover Dam and Powerplant,18328,af,02/09/22
Lake Mead Hoover Dam and Powerplant,22382.1,af,02/10/22
Lake Mead Hoover Dam and Powerplant,20106.8,af,02/11/22
Lake Mead Hoover Dam and Powerplant,15508,af,02/12/22
Lake Mead Hoover Dam and Powerplant,15742.1,af,02/13/22
Lake Mead Hoover Dam and Powerplant,19832,af,02/14/22
Lake Mead Hoover Dam and Powerplant,18540.9,af,02/15/22
Lake Mead Hoover Dam and Powerplant,22028,af,02/16/22
Lake Mead Hoover Dam and Powerplant,23283.2,af,02/17/22
Lake Mead Hoover Dam and Powerplant,23657.7,af,02/18/22
Lake Mead Hoover Dam and Powerplant,21192.1,af,02/19/22
Lake Mead Hoover Dam and Powerplant,20859.1,af,02/20/22
Lake Mead Hoover Dam and Powerplant,21354,af,02/21/22
Lake Mead Hoover Dam and Powerplant,22259,af,02/22/22
Lake Mead Hoover Dam and Powerplant,29266.1,af,02/23/22
Lake Mead Hoover Dam and Powerplant,24225.9,af,02/24/22
Lake Mead Hoover Dam and Powerplant,26997,af,02/25/22
Lake Mead Hoover Dam and Powerplant,21387.9,af,02/26/22
Lake Mead Hoover Dam and Powerplant,18010,af,02/27/22
Lake Mead Hoover Dam and Powerplant,20578,af,02/28/22
Lake Mead Hoover Dam and Powerplant,25711.1,af,03/01/22
Lake Mead Hoover Dam and Powerplant,30193.1,af,03/02/22
Lake Mead Hoover Dam and Powerplant,32006.8,af,03/03/22
Lake Mead Hoover Dam and Powerplant,29428,af,03/04/22
Lake Mead Hoover Dam and Powerplant,29524.1,af,03/05/22
Lake Mead Hoover Dam and Powerplant,28189,af,03/06/22
Lake Mead Hoover Dam and Powerplant,32956.9,af,03/07/22
Lake Mead Hoover Dam and Powerplant,29873.1,af,03/08/22
Lake Mead Hoover Dam and Powerplant,35010.9,af,03/09/22
Lake Mead Hoover Dam and Powerplant,38899.9,af,03/10/22
Lake Mead Hoover Dam and Powerplant,31862.2,af,03/11/22
Lake Mead Hoover Dam and Powerplant,29123.1,af,03/12/22
Lake Mead Hoover Dam and Powerplant,28861,af,03/13/22
Lake Mead Hoover Dam and Powerplant,33788.9,af,03/14/22
Lake Mead Hoover Dam and Powerplant,33085,af,03/15/22
Lake Mead Hoover Dam and Powerplant,29789.9,af,03/16/22
Lake Mead Hoover Dam and Powerplant,37177.9,af,03/17/22
Lake Mead Hoover Dam and Powerplant,32926.1,af,03/18/22
Lake Mead Hoover Dam and Powerplant,31821.1,af,03/19/22
Lake Mead Hoover Dam and Powerplant,27402.9,af,03/20/22
Lake Mead Hoover Dam and Powerplant,33521,af,03/21/22
Lake Mead Hoover Dam and Powerplant,33198.1,af,03/22/22
Lake Mead Hoover Dam and Powerplant,35655,af,03/23/22
Lake Mead Hoover Dam and Powerplant,42112.1,af,03/24/22
Lake Mead Hoover Dam and Powerplant,38669.1,af,03/25/22
Lake Mead Hoover Dam and Powerplant,33077,af,03/26/22
Lake Mead Hoover Dam and Powerplant,33019.9,af,03/27/22
Lake Mead Hoover Dam and Powerplant,35182,af,03/28/22
Lake Mead Hoover Dam and Powerplant,31087.9,af,03/29/22
Lake Mead Hoover Dam and Powerplant,32475,af,03/30/22
Lake Mead Hoover Dam and Powerplant,34105.1,af,03/31/22
Lake Mead Hoover Dam and Powerplant,36256.9,af,04/01/22
Lake Mead Hoover Dam and Powerplant,29756,af,04/02/22
Lake Mead Hoover Dam and Powerplant,31374.8,af,04/03/22
Lake Mead Hoover Dam and Powerplant,34359,af,04/04/22
Lake Mead Hoover Dam and Powerplant,32523.8,af,04/05/22
Lake Mead Hoover Dam and Powerplant,33624.9,af,04/06/22
Lake Mead Hoover Dam and Powerplant,39999.9,af,04/07/22
Lake Mead Hoover Dam and Powerplant,38967.1,af,04/08/22
Lake Mead Hoover Dam and Powerplant,31392.1,af,04/09/22
Lake Mead Hoover Dam and Powerplant,27949.8,af,04/10/22
Lake Mead Hoover Dam and Powerplant,35809,af,04/11/22
Lake Mead Hoover Dam and Powerplant,33495.2,af,04/12/22
Lake Mead Hoover Dam and Powerplant,33233.9,af,04/13/22
Lake Mead Hoover Dam and Powerplant,37671.2,af,04/14/22
Lake Mead Hoover Dam and Powerplant,32603,af,04/15/22
Lake Mead Hoover Dam and Powerplant,28947,af,04/16/22
Lake Mead Hoover Dam and Powerplant,28052.1,af,04/17/22
Lake Mead Hoover Dam and Powerplant,33140.2,af,04/18/22
Lake Mead Hoover Dam and Powerplant,38921,af,04/19/22
Lake Mead Hoover Dam and Powerplant,34741.9,af,04/20/22
Lake Mead Hoover Dam and Powerplant,38491,af,04/21/22
Lake Mead Hoover Dam and Powerplant,34684.1,af,04/22/22
Lake Mead Hoover Dam and Powerplant,27220.1,af,04/23/22
Lake Mead Hoover Dam and Powerplant,32751.2,af,04/24/22
Lake Mead Hoover Dam and Powerplant,33651.6,af,04/25/22
Lake Mead Hoover Dam and Powerplant,39053.2,af,04/26/22
Lake Mead Hoover Dam and Powerplant,21494,af,04/27/22
Lake Mead Hoover Dam and Powerplant,39185.1,af,04/28/22
Lake Mead Hoover Dam and Powerplant,47655.8,af,04/29/22
Lake Mead Hoover Dam and Powerplant,40185.2,af,04/30/22
Lake Mead Hoover Dam and Powerplant,30964,af,05/01/22
Lake Mead Hoover Dam and Powerplant,41216.9,af,05/02/22
Lake Mead Hoover Dam and Powerplant,34436,af,05/03/22
Lake Mead Hoover Dam and Powerplant,33623.9,af,05/04/22
Lake Mead Hoover Dam and Powerplant,37023.9,af,05/05/22
Lake Mead Hoover Dam and Powerplant,37327.1,af,05/06/22
Lake Mead Hoover Dam and Powerplant,30481,af,05/07/22
Lake Mead Hoover Dam and Powerplant,27299.2,af,05/08/22
Lake Mead Hoover Dam and Powerplant,34945.9,af,05/09/22
Lake Mead Hoover Dam and Powerplant,41756.9,af,05/10/22
Lake Mead Hoover Dam and Powerplant,38838,af,05/11/22
Lake Mead Hoover Dam and Powerplant,37076.9,af,05/12/22
Lake Mead Hoover Dam and Powerplant,40976,af,05/13/22
Lake Mead Hoover Dam and Powerplant,40370,af,05/14/22
Lake Mead Hoover Dam and Powerplant,35825,af,05/15/22
Lake Mead Hoover Dam and Powerplant,42905.9,af,05/16/22
Lake Mead Hoover Dam and Powerplant,41431.9,af,05/17/22
Lake Mead Hoover Dam and Powerplant,30155.1,af,05/18/22
Lake Mead Hoover Dam and Powerplant,34914.1,af,05/19/22
Lake Mead Hoover Dam and Powerplant,31143.1,af,05/20/22
Lake Mead Hoover Dam and Powerplant,26031.2,af,05/21/22
Lake Mead Hoover Dam and Powerplant,28182.9,af,05/22/22
Lake Mead Hoover Dam and Powerplant,30463.1,af,05/23/22
Lake Mead Hoover Dam and Powerplant,36370,af,05/24/22
Lake Mead Hoover Dam and Powerplant,38184.7,af,05/25/22
Lake Mead Hoover Dam and Powerplant,39435.9,af,05/26/22
Lake Mead Hoover Dam and Powerplant,35991.1,af,05/27/22
Lake Mead Hoover Dam and Powerplant,29754.1,af,05/28/22
Lake Mead Hoover Dam and Powerplant,26211.2,af,05/29/22
Lake Mead Hoover Dam and Powerplant,30812,af,05/30/22
Lake Mead Hoover Dam and Powerplant,38875.8,af,05/31/22
Lake Mead Hoover Dam and Powerplant,33506.1,af,06/01/22
Lake Mead Hoover Dam and Powerplant,35735,af,06/02/22
Lake Mead Hoover Dam and Powerplant,33723.7,af,06/03/22
Lake Mead Hoover Dam and Powerplant,26079.9,af,06/04/22
Lake Mead Hoover Dam and Powerplant,25621.1,af,06/05/22
Lake Mead Hoover Dam and Powerplant,27339,af,06/06/22
Lake Mead Hoover Dam and Powerplant,30243.1,af,06/07/22
Lake Mead Hoover Dam and Powerplant,33335.9,af,06/08/22
Lake Mead Hoover Dam and Powerplant,33068,af,06/09/22
Lake Mead Hoover Dam and Powerplant,34099.9,af,06/10/22
Lake Mead Hoover Dam and Powerplant,31681.2,af,06/11/22
Lake Mead Hoover Dam and Powerplant,28690.2,af,06/12/22
Lake Mead Hoover Dam and Powerplant,32916.1,af,06/13/22
Lake Mead Hoover Dam and Powerplant,29293,af,06/14/22
Lake Mead Hoover Dam and Powerplant,32713,af,06/15/22
Lake Mead Hoover Dam and Powerplant,37519,af,06/16/22
Lake Mead Hoover Dam and Powerplant,32612.1,af,06/17/22
Lake Mead Hoover Dam and Powerplant,22158.1,af,06/18/22
Lake Mead Hoover Dam and Powerplant,23898,af,06/19/22
Lake Mead Hoover Dam and Powerplant,29923.9,af,06/20/22
Lake Mead Hoover Dam and Powerplant,32426.2,af,06/21/22
Lake Mead Hoover Dam and Powerplant,32286.9,af,06/22/22
Lake Mead Hoover Dam and Powerplant,31238.9,af,06/23/22
Lake Mead Hoover Dam and Powerplant,31354,af,06/24/22
Lake Mead Hoover Dam and Powerplant,26060,af,06/25/22
Lake Mead Hoover Dam and Powerplant,19497.1,af,06/26/22
Lake Mead Hoover Dam and Powerplant,25867,af,06/27/22
Lake Mead Hoover Dam and Powerplant,26076,af,06/28/22
Lake Mead Hoover Dam and Powerplant,25652.9,af,06/29/22
Lake Mead Hoover Dam and Powerplant,24137.2,af,06/30/22
Lake Mead Hoover Dam and Powerplant,28296.9,af,07/01/22
Lake Mead Hoover Dam and Powerplant,24753,af,07/02/22
Lake Mead Hoover Dam and Powerplant,23566.9,af,07/03/22
Lake Mead Hoover Dam and Powerplant,22254,af,07/04/22
Lake Mead Hoover Dam and Powerplant,25593.1,af,07/05/22
Lake Mead Hoover Dam and Powerplant,24040.8,af,07/06/22
Lake Mead Hoover Dam and Powerplant,32620,af,07/07/22
Lake Mead Hoover Dam and Powerplant,34445,af,07/08/22
Lake Mead Hoover Dam and Powerplant,29458.8,af,07/09/22
Lake Mead Hoover Dam and Powerplant,26806,af,07/10/22
Lake Mead Hoover Dam and Powerplant,29556,af,07/11/22
Lake Mead Hoover Dam and Powerplant,27125,af,07/12/22
Lake Mead Hoover Dam and Powerplant,28733.8,af,07/13/22
Lake Mead Hoover Dam and Powerplant,30154.9,af,07/14/22
Lake Mead Hoover Dam and Powerplant,30920.9,af,07/15/22
Lake Mead Hoover Dam and Powerplant,26904,af,07/16/22
Lake Mead Hoover Dam and Powerplant,27336.3,af,07/17/22
Lake Mead Hoover Dam and Powerplant,31369,af,07/18/22
Lake Mead Hoover Dam and Powerplant,27652,af,07/19/22
Lake Mead Hoover Dam and Powerplant,27852,af,07/20/22
Lake Mead Hoover Dam and Powerplant,29629.9,af,07/21/22
Lake Mead Hoover Dam and Powerplant,27138.9,af,07/22/22
Lake Mead Hoover Dam and Powerplant,20958.8,af,07/23/22
Lake Mead Hoover Dam and Powerplant,23746.9,af,07/24/22
Lake Mead Hoover Dam and Powerplant,23256,af,07/25/22
Lake Mead Hoover Dam and Powerplant,24779.9,af,07/26/22
Lake Mead Hoover Dam and Powerplant,23075,af,07/27/22
Lake Mead Hoover Dam and Powerplant,22525.1,af,07/28/22
Lake Mead Hoover Dam and Powerplant,24266,af,07/29/22
Lake Mead Hoover Dam and Powerplant,21366,af,07/30/22
Lake Mead Hoover Dam and Powerplant,22160.1,af,07/31/22
Lake Mead Hoover Dam and Powerplant,28040,af,08/01/22
Lake Mead Hoover Dam and Powerplant,33623.6,af,08/02/22
Lake Mead Hoover Dam and Powerplant,25146.8,af,08/03/22
Lake Mead Hoover Dam and Powerplant,15328.8,af,08/04/22
Lake Mead Hoover Dam and Powerplant,14864,af,08/05/22
Lake Mead Hoover Dam and Powerplant,15633,af,08/06/22
Lake Mead Hoover Dam and Powerplant,17499.8,af,08/07/22
Lake Mead Hoover Dam and Powerplant,21412,af,08/08/22
Lake Mead Hoover Dam and Powerplant,19655,af,08/09/22
Lake Mead Hoover Dam and Powerplant,19804,af,08/10/22
Lake Mead Hoover Dam and Powerplant,21132.1,af,08/11/22
Lake Mead Hoover Dam and Powerplant,15955,af,08/12/22
Lake Mead Hoover Dam and Powerplant,12383.2,af,08/13/22
Lake Mead Hoover Dam and Powerplant,12552.9,af,08/14/22
Lake Mead Hoover Dam and Powerplant,20353.1,af,08/15/22
Lake Mead Hoover Dam and Powerplant,18878,af,08/16/22
Lake Mead Hoover Dam and Powerplant,19475,af,08/17/22
Lake Mead Hoover Dam and Powerplant,19414,af,08/18/22
Lake Mead Hoover Dam and Powerplant,15352.8,af,08/19/22
Lake Mead Hoover Dam and Powerplant,11730.8,af,08/20/22
Lake Mead Hoover Dam and Powerplant,13539,af,08/21/22
Lake Mead Hoover Dam and Powerplant,18940.2,af,08/22/22
Lake Mead Hoover Dam and Powerplant,20447,af,08/23/22
Lake Mead Hoover Dam and Powerplant,25084.9,af,08/24/22
Lake Mead Hoover Dam and Powerplant,23249.1,af,08/25/22
Lake Mead Hoover Dam and Powerplant,17918.2,af,08/26/22
Lake Mead Hoover Dam and Powerplant,12537.2,af,08/27/22
Lake Mead Hoover Dam and Powerplant,10678.1,af,08/28/22
Lake Mead Hoover Dam and Powerplant,15661.1,af,08/29/22
Lake Mead Hoover Dam and Powerplant,15787,af,08/30/22
Lake Mead Hoover Dam and Powerplant,21274,af,08/31/22
Lake Mead Hoover Dam and Powerplant,22710.9,af,09/01/22
Lake Mead Hoover Dam and Powerplant,20519.9,af,09/02/22
Lake Mead Hoover Dam and Powerplant,24307.9,af,09/03/22
Lake Mead Hoover Dam and Powerplant,25791,af,09/04/22
Lake Mead Hoover Dam and Powerplant,21895.1,af,09/05/22
Lake Mead Hoover Dam and Powerplant,24492,af,09/06/22
Lake Mead Hoover Dam and Powerplant,21656,af,09/07/22
Lake Mead Hoover Dam and Powerplant,25167.2,af,09/08/22
Lake Mead Hoover Dam and Powerplant,27864.2,af,09/09/22
Lake Mead Hoover Dam and Powerplant,18971,af,09/10/22
Lake Mead Hoover Dam and Powerplant,14919,af,09/11/22
Lake Mead Hoover Dam and Powerplant,18194,af,09/12/22
Lake Mead Hoover Dam and Powerplant,15571.1,af,09/13/22
Lake Mead Hoover Dam and Powerplant,14574.9,af,09/14/22
Lake Mead Hoover Dam and Powerplant,15568,af,09/15/22
Lake Mead Hoover Dam and Powerplant,15060.2,af,09/16/22
Lake Mead Hoover Dam and Powerplant,13493.1,af,09/17/22
Lake Mead Hoover Dam and Powerplant,14696,af,09/18/22
Lake Mead Hoover Dam and Powerplant,15674.1,af,09/19/22
Lake Mead Hoover Dam and Powerplant,14791.1,af,09/20/22
Lake Mead Hoover Dam and Powerplant,13193.1,af,09/21/22
Lake Mead Hoover Dam and Powerplant,12158.8,af,09/22/22
Lake Mead Hoover Dam and Powerplant,14644.9,af,09/23/22
Lake Mead Hoover Dam and Powerplant,10769.2,af,09/24/22
Lake Mead Hoover Dam and Powerplant,13868,af,09/25/22
Lake Mead Hoover Dam and Powerplant,15737,af,09/26/22
Lake Mead Hoover Dam and Powerplant,17638.1,af,09/27/22
Lake Mead Hoover Dam and Powerplant,21063.9,af,09/28/22
Lake Mead Hoover Dam and Powerplant,18556.9,af,09/29/22
Lake Mead Hoover Dam and Powerplant,15344,af,09/30/22
Lake Mead Hoover Dam and Powerplant,16214.2,af,10/01/22
Lake Mead Hoover Dam and Powerplant,13855.8,af,10/02/22
Lake Mead Hoover Dam and Powerplant,13675,af,10/03/22
Lake Mead Hoover Dam and Powerplant,13321.1,af,10/04/22
Lake Mead Hoover Dam and Powerplant,14219.9,af,10/05/22
Lake Mead Hoover Dam and Powerplant,13107.1,af,10/06/22
Lake Mead Hoover Dam and Powerplant,12943.1,af,10/07/22
Lake Mead Hoover Dam and Powerplant,13361.2,af,10/08/22
Lake Mead Hoover Dam and Powerplant,10856.9,af,10/09/22
Lake Mead Hoover Dam and Powerplant,17964,af,10/10/22
Lake Mead Hoover Dam and Powerplant,19021.9,af,10/11/22
Lake Mead Hoover Dam and Powerplant,20054,af,10/12/22
Lake Mead Hoover Dam and Powerplant,19336.9,af,10/13/22
Lake Mead Hoover Dam and Powerplant,19720.1,af,10/14/22
Lake Mead Hoover Dam and Powerplant,17406.7,af,10/15/22
Lake Mead Hoover Dam and Powerplant,16882,af,10/16/22
Lake Mead Hoover Dam and Powerplant,10064.2,af,10/17/22
Lake Mead Hoover Dam and Powerplant,7347.02,af,10/18/22
Lake Mead Hoover Dam and Powerplant,5576.94,af,10/19/22
Lake Mead Hoover Dam and Powerplant,5890,af,10/20/22
Lake Mead Hoover Dam and Powerplant,4944.21,af,10/21/22
Lake Mead Hoover Dam and Powerplant,4595.95,af,10/22/22
Lake Mead Hoover Dam and Powerplant,4764.05,af,10/23/22
Lake Mead Hoover Dam and Powerplant,14279.1,af,10/24/22
Lake Mead Hoover Dam and Powerplant,14871,af,10/25/22
Lake Mead Hoover Dam and Powerplant,14775.9,af,10/26/22
Lake Mead Hoover Dam and Powerplant,17385,af,10/27/22
Lake Mead Hoover Dam and Powerplant,15989.2,af,10/28/22
Lake Mead Hoover Dam and Powerplant,14588.1,af,10/29/22
Lake Mead Hoover Dam and Powerplant,15074.9,af,10/30/22
Lake Mead Hoover Dam and Powerplant,15976.1,af,10/31/22
Lake Mead Hoover Dam and Powerplant,27684.9,af,11/01/22
Lake Mead Hoover Dam and Powerplant,29624,af,11/02/22
Lake Mead Hoover Dam and Powerplant,26859.1,af,11/03/22
Lake Mead Hoover Dam and Powerplant,26585.9,af,11/04/22
Lake Mead Hoover Dam and Powerplant,26373.8,af,11/05/22
Lake Mead Hoover Dam and Powerplant,25020.1,af,11/06/22
Lake Mead Hoover Dam and Powerplant,28340.2,af,11/07/22
Lake Mead Hoover Dam and Powerplant,27657,af,11/08/22
Lake Mead Hoover Dam and Powerplant,28273.1,af,11/09/22
Lake Mead Hoover Dam and Powerplant,27307.1,af,11/10/22
Lake Mead Hoover Dam and Powerplant,25966,af,11/11/22
Lake Mead Hoover Dam and Powerplant,21822.9,af,11/12/22
Lake Mead Hoover Dam and Powerplant,20526.9,af,11/13/22
Lake Mead Hoover Dam and Powerplant,20045.1,af,11/14/22
Lake Mead Hoover Dam and Powerplant,20366,af,11/15/22
Lake Mead Hoover Dam and Powerplant,21958.8,af,11/16/22
Lake Mead Hoover Dam and Powerplant,22826.1,af,11/17/22
Lake Mead Hoover Dam and Powerplant,25908.1,af,11/18/22
Lake Mead Hoover Dam and Powerplant,22292,af,11/19/22
Lake Mead Hoover Dam and Powerplant,19630.1,af,11/20/22
Lake Mead Hoover Dam and Powerplant,23144.7,af,11/21/22
Lake Mead Hoover Dam and Powerplant,21553.1,af,11/22/22
Lake Mead Hoover Dam and Powerplant,22367,af,11/23/22
Lake Mead Hoover Dam and Powerplant,22080.9,af,11/24/22
Lake Mead Hoover Dam and Powerplant,21028,af,11/25/22
Lake Mead Hoover Dam and Powerplant,19521,af,11/26/22
Lake Mead Hoover Dam and Powerplant,20684.2,af,11/27/22
Lake Mead Hoover Dam and Powerplant,22092.9,af,11/28/22
Lake Mead Hoover Dam and Powerplant,22838.8,af,11/29/22
Lake Mead Hoover Dam and Powerplant,22485.1,af,11/30/22
Lake Mead Hoover Dam and Powerplant,20507.1,af,12/01/22
Lake Mead Hoover Dam and Powerplant,17033,af,12/02/22
Lake Mead Hoover Dam and Powerplant,12766,af,12/03/22
Lake Mead Hoover Dam and Powerplant,10485.1,af,12/04/22
Lake Mead Hoover Dam and Powerplant,14391.1,af,12/05/22
Lake Mead Hoover Dam and Powerplant,14475,af,12/06/22
Lake Mead Hoover Dam and Powerplant,16516.9,af,12/07/22
Lake Mead Hoover Dam and Powerplant,17035.9,af,12/08/22
Lake Mead Hoover Dam and Powerplant,15753.9,af,12/09/22
Lake Mead Hoover Dam and Powerplant,12730.9,af,12/10/22
Lake Mead Hoover Dam and Powerplant,13221,af,12/11/22
Lake Mead Hoover Dam and Powerplant,19713.7,af,12/12/22
Lake Mead Hoover Dam and Powerplant,20011.9,af,12/13/22
Lake Mead Hoover Dam and Powerplant,16176.1,af,12/14/22
Lake Mead Hoover Dam and Powerplant,13721,af,12/15/22
Lake Mead Hoover Dam and Powerplant,9322.07,af,12/16/22
Lake Mead Hoover Dam and Powerplant,9637.11,af,12/17/22
Lake Mead Hoover Dam and Powerplant,11901.1,af,12/18/22
Lake Mead Hoover Dam and Powerplant,13319.3,af,12/19/22
Lake Mead Hoover Dam and Powerplant,13834,af,12/20/22
Lake Mead Hoover Dam and Powerplant,15449,af,12/21/22
Lake Mead Hoover Dam and Powerplant,17125,af,12/22/22
Lake Mead Hoover Dam and Powerplant,11990.2,af,12/23/22
Lake Mead Hoover Dam and Powerplant,12383.1,af,12/24/22
Lake Mead Hoover Dam and Powerplant,13506,af,12/25/22
Lake Mead Hoover Dam and Powerplant,12664,af,12/26/22
Lake Mead Hoover Dam and Powerplant,11576.9,af,12/27/22
Lake Mead Hoover Dam and Powerplant,12273.9,af,12/28/22
Lake Mead Hoover Dam and Powerplant,12635.1,af,12/29/22
Lake Mead Hoover Dam and Powerplant,13690,af,12/30/22
Lake Mead Hoover Dam and Powerplant,12392.1,af,12/31/22
Lake Mead Hoover Dam and Powerplant,17146,af,01/01/23
Lake Mead Hoover Dam and Powerplant,18658.9,af,01/02/23
Lake Mead Hoover Dam and Powerplant,19012.1,af,01/03/23
Lake Mead Hoover Dam and Powerplant,18053,af,01/04/23
Lake Mead Hoover Dam and Powerplant,16065,af,01/05/23
Lake Mead Hoover Dam and Powerplant,14356.2,af,01/06/23
Lake Mead Hoover Dam and Powerplant,13919.8,af,01/07/23
Lake Mead Hoover Dam and Powerplant,16894.2,af,01/08/23
Lake Mead Hoover Dam and Powerplant,17890.9,af,01/09/23
Lake Mead Hoover Dam and Powerplant,14769.1,af,01/10/23
Lake Mead Hoover Dam and Powerplant,11640.2,af,01/11/23
Lake Mead Hoover Dam and Powerplant,12914.3,af,01/12/23
Lake Mead Hoover Dam and Powerplant,13477,af,01/13/23
Lake Mead Hoover Dam and Powerplant,12972,af,01/14/23
Lake Mead Hoover Dam and Powerplant,12953.8,af,01/15/23
Lake Mead Hoover Dam and Powerplant,13968.8,af,01/16/23
Lake Mead Hoover Dam and Powerplant,14608.8,af,01/17/23
Lake Mead Hoover Dam and Powerplant,15758.9,af,01/18/23
Lake Mead Hoover Dam and Powerplant,15585,af,01/19/23
Lake Mead Hoover Dam and Powerplant,15191,af,01/20/23
Lake Mead Hoover Dam and Powerplant,11620.1,af,01/21/23
Lake Mead Hoover Dam and Powerplant,16461.1,af,01/22/23
Lake Mead Hoover Dam and Powerplant,12504,af,01/23/23
Lake Mead Hoover Dam and Powerplant,11855,af,01/24/23
Lake Mead Hoover Dam and Powerplant,8465.04,af,01/25/23
Lake Mead Hoover Dam and Powerplant,6411.9,af,01/26/23
Lake Mead Hoover Dam and Powerplant,6240.08,af,01/27/23
Lake Mead Hoover Dam and Powerplant,6321.16,af,01/28/23
Lake Mead Hoover Dam and Powerplant,10675,af,01/29/23
Lake Mead Hoover Dam and Powerplant,7178.02,af,01/30/23
Lake Mead Hoover Dam and Powerplant,8662.89,af,01/31/23
Lake Mead Hoover Dam and Powerplant,18418.9,af,02/01/23
Lake Mead Hoover Dam and Powerplant,17992.1,af,02/02/23
Lake Mead Hoover Dam and Powerplant,16925,af,02/03/23
Lake Mead Hoover Dam and Powerplant,16645,af,02/04/23
Lake Mead Hoover Dam and Powerplant,22216,af,02/05/23
Lake Mead Hoover Dam and Powerplant,12823,af,02/06/23
Lake Mead Hoover Dam and Powerplant,10850,af,02/07/23
Lake Mead Hoover Dam and Powerplant,11458.1,af,02/08/23
Lake Mead Hoover Dam and Powerplant,14113.9,af,02/09/23
Lake Mead Hoover Dam and Powerplant,12727,af,02/10/23
Lake Mead Hoover Dam and Powerplant,9483.14,af,02/11/23
Lake Mead Hoover Dam and Powerplant,13725.1,af,02/12/23
Lake Mead Hoover Dam and Powerplant,14100.2,af,02/13/23
Lake Mead Hoover Dam and Powerplant,16120.2,af,02/14/23
Lake Mead Hoover Dam and Powerplant,17477.1,af,02/15/23
Lake Mead Hoover Dam and Powerplant,19906,af,02/16/23
Lake Mead Hoover Dam and Powerplant,17981.8,af,02/17/23
Lake Mead Hoover Dam and Powerplant,12894,af,02/18/23
Lake Mead Hoover Dam and Powerplant,16107,af,02/19/23
Lake Mead Hoover Dam and Powerplant,18761.2,af,02/20/23
Lake Mead Hoover Dam and Powerplant,21399.3,af,02/21/23
Lake Mead Hoover Dam and Powerplant,23177.1,af,02/22/23
Lake Mead Hoover Dam and Powerplant,24813.9,af,02/23/23
Lake Mead Hoover Dam and Powerplant,25867.9,af,02/24/23
Lake Mead Hoover Dam and Powerplant,21058.9,af,02/25/23
Lake Mead Hoover Dam and Powerplant,20678.1,af,02/26/23
Lake Mead Hoover Dam and Powerplant,21301.9,af,02/27/23
Lake Mead Hoover Dam and Powerplant,24480,af,02/28/23
Lake Mead Hoover Dam and Powerplant,23692.8,af,03/01/23
Lake Mead Hoover Dam and Powerplant,24335,af,03/02/23
Lake Mead Hoover Dam and Powerplant,20418,af,03/03/23
Lake Mead Hoover Dam and Powerplant,17501.8,af,03/04/23
Lake Mead Hoover Dam and Powerplant,16051.7,af,03/05/23
Lake Mead Hoover Dam and Powerplant,30140,af,03/06/23
Lake Mead Hoover Dam and Powerplant,24804.8,af,03/07/23
Lake Mead Hoover Dam and Powerplant,23098.2,af,03/08/23
Lake Mead Hoover Dam and Powerplant,27274.9,af,03/09/23
Lake Mead Hoover Dam and Powerplant,27214.7,af,03/10/23
Lake Mead Hoover Dam and Powerplant,23523.1,af,03/11/23
Lake Mead Hoover Dam and Powerplant,24242,af,03/12/23
Lake Mead Hoover Dam and Powerplant,25689,af,03/13/23
Lake Mead Hoover Dam and Powerplant,29601,af,03/14/23
Lake Mead Hoover Dam and Powerplant,25047.8,af,03/15/23
Lake Mead Hoover Dam and Powerplant,26860.1,af,03/16/23
Lake Mead Hoover Dam and Powerplant,27258.9,af,03/17/23
Lake Mead Hoover Dam and Powerplant,22972.1,af,03/18/23
Lake Mead Hoover Dam and Powerplant,29243,af,03/19/23
Lake Mead Hoover Dam and Powerplant,27530,af,03/20/23
Lake Mead Hoover Dam and Powerplant,26481.9,af,03/21/23
Lake Mead Hoover Dam and Powerplant,23852.1,af,03/22/23
Lake Mead Hoover Dam and Powerplant,21587.8,af,03/23/23
Lake Mead Hoover Dam and Powerplant,18800.8,af,03/24/23
Lake Mead Hoover Dam and Powerplant,18290.9,af,03/25/23
Lake Mead Hoover Dam and Powerplant,17490.9,af,03/26/23
Lake Mead Hoover Dam and Powerplant,25834.1,af,03/27/23
Lake Mead Hoover Dam and Powerplant,29475,af,03/28/23
Lake Mead Hoover Dam and Powerplant,27448.9,af,03/29/23
Lake Mead Hoover Dam and Powerplant,25931.7,af,03/30/23
Lake Mead Hoover Dam and Powerplant,21998.9,af,03/31/23
Lake Mead Hoover Dam and Powerplant,22989.9,af,04/01/23
Lake Mead Hoover Dam and Powerplant,23727.9,af,04/02/23
Lake Mead Hoover Dam and Powerplant,24708.1,af,04/03/23
Lake Mead Hoover Dam and Powerplant,27344.1,af,04/04/23
Lake Mead Hoover Dam and Powerplant,26385,af,04/05/23
Lake Mead Hoover Dam and Powerplant,30082.8,af,04/06/23
Lake Mead Hoover Dam and Powerplant,26667.9,af,04/07/23
Lake Mead Hoover Dam and Powerplant,25680.2,af,04/08/23
Lake Mead Hoover Dam and Powerplant,22507,af,04/09/23
Lake Mead Hoover Dam and Powerplant,27300.1,af,04/10/23
Lake Mead Hoover Dam and Powerplant,26827,af,04/11/23
Lake Mead Hoover Dam and Powerplant,26093.8,af,04/12/23
Lake Mead Hoover Dam and Powerplant,28526,af,04/13/23
Lake Mead Hoover Dam and Powerplant,25805.1,af,04/14/23
Lake Mead Hoover Dam and Powerplant,21695.9,af,04/15/23
Lake Mead Hoover Dam and Powerplant,21551.1,af,04/16/23
Lake Mead Hoover Dam and Powerplant,28941,af,04/17/23
Lake Mead Hoover Dam and Powerplant,28107.9,af,04/18/23
Lake Mead Hoover Dam and Powerplant,24927.1,af,04/19/23
Lake Mead Hoover Dam and Powerplant,28955.9,af,04/20/23
Lake Mead Hoover Dam and Powerplant,33637,af,04/21/23
Lake Mead Hoover Dam and Powerplant,36157.9,af,04/22/23
Lake Mead Hoover Dam and Powerplant,26135,af,04/23/23
Lake Mead Hoover Dam and Powerplant,28177.9,af,04/24/23
Lake Mead Hoover Dam and Powerplant,32279.1,af,04/25/23
Lake Mead Hoover Dam and Powerplant,35447.1,af,04/26/23
Lake Mead Hoover Dam and Powerplant,34845,af,04/27/23
Lake Mead Hoover Dam and Powerplant,34296.2,af,04/28/23
Lake Mead Hoover Dam and Powerplant,28355,af,04/29/23
Lake Mead Hoover Dam and Powerplant,22683.9,af,04/30/23
Lake Mead Hoover Dam and Powerplant,27685,af,05/01/23
Lake Mead Hoover Dam and Powerplant,32619,af,05/02/23
Lake Mead Hoover Dam and Powerplant,30205.9,af,05/03/23
Lake Mead Hoover Dam and Powerplant,32123.1,af,05/04/23
Lake Mead Hoover Dam and Powerplant,28547.8,af,05/05/23
Lake Mead Hoover Dam and Powerplant,27423.1,af,05/06/23
Lake Mead Hoover Dam and Powerplant,26904.9,af,05/07/23
Lake Mead Hoover Dam and Powerplant,26488.9,af,05/08/23
Lake Mead Hoover Dam and Powerplant,28014.9,af,05/09/23
Lake Mead Hoover Dam and Powerplant,26395.9,af,05/10/23
Lake Mead Hoover Dam and Powerplant,26885,af,05/11/23
Lake Mead Hoover Dam and Powerplant,33185.9,af,05/12/23
Lake Mead Hoover Dam and Powerplant,31021,af,05/13/23
Lake Mead Hoover Dam and Powerplant,29293,af,05/14/23
Lake Mead Hoover Dam and Powerplant,33453,af,05/15/23
Lake Mead Hoover Dam and Powerplant,34884.1,af,05/16/23
Lake Mead Hoover Dam and Powerplant,33173.9,af,05/17/23
Lake Mead Hoover Dam and Powerplant,30725,af,05/18/23
Lake Mead Hoover Dam and Powerplant,28529,af,05/19/23
Lake Mead Hoover Dam and Powerplant,20634.9,af,05/20/23
Lake Mead Hoover Dam and Powerplant,20254,af,05/21/23
Lake Mead Hoover Dam and Powerplant,26558.8,af,05/22/23
Lake Mead Hoover Dam and Powerplant,27646.9,af,05/23/23
Lake Mead Hoover Dam and Powerplant,27702.1,af,05/24/23
Lake Mead Hoover Dam and Powerplant,26599.9,af,05/25/23
Lake Mead Hoover Dam and Powerplant,23707.9,af,05/26/23
Lake Mead Hoover Dam and Powerplant,20175,af,05/27/23
Lake Mead Hoover Dam and Powerplant,19969.1,af,05/28/23
Lake Mead Hoover Dam and Powerplant,24515.9,af,05/29/23
Lake Mead Hoover Dam and Powerplant,24890.2,af,05/30/23
Lake Mead Hoover Dam and Powerplant,24688.1,af,05/31/23
Lake Mead Hoover Dam and Powerplant,29984,af,06/01/23
Lake Mead Hoover Dam and Powerplant,31268,af,06/02/23
Lake Mead Hoover Dam and Powerplant,31249.1,af,06/03/23
Lake Mead Hoover Dam and Powerplant,35245.9,af,06/04/23
Lake Mead Hoover Dam and Powerplant,39250,af,06/05/23
Lake Mead Hoover Dam and Powerplant,30249,af,06/06/23
Lake Mead Hoover Dam and Powerplant,34215.8,af,06/07/23
Lake Mead Hoover Dam and Powerplant,32144.1,af,06/08/23
Lake Mead Hoover Dam and Powerplant,33503.7,af,06/09/23
Lake Mead Hoover Dam and Powerplant,28578,af,06/10/23
Lake Mead Hoover Dam and Powerplant,25135.8,af,06/11/23
Lake Mead Hoover Dam and Powerplant,26346,af,06/12/23
Lake Mead Hoover Dam and Powerplant,28668.1,af,06/13/23
Lake Mead Hoover Dam and Powerplant,28339.2,af,06/14/23
Lake Mead Hoover Dam and Powerplant,31217.1,af,06/15/23
Lake Mead Hoover Dam and Powerplant,32401,af,06/16/23
Lake Mead Hoover Dam and Powerplant,26782.1,af,06/17/23
Lake Mead Hoover Dam and Powerplant,25359.2,af,06/18/23
Lake Mead Hoover Dam and Powerplant,27138.1,af,06/19/23
Lake Mead Hoover Dam and Powerplant,27114,af,06/20/23
Lake Mead Hoover Dam and Powerplant,28633.9,af,06/21/23
Lake Mead Hoover Dam and Powerplant,31716.7,af,06/22/23
Lake Mead Hoover Dam and Powerplant,30128.8,af,06/23/23
Lake Mead Hoover Dam and Powerplant,25840.9,af,06/24/23
Lake Mead Hoover Dam and Powerplant,23532,af,06/25/23
Lake Mead Hoover Dam and Powerplant,26379,af,06/26/23
Lake Mead Hoover Dam and Powerplant,25660.1,af,06/27/23
Lake Mead Hoover Dam and Powerplant,29310,af,06/28/23
Lake Mead Hoover Dam and Powerplant,29236.9,af,06/29/23
Lake Mead Hoover Dam and Powerplant,31271.1,af,06/30/23
Lake Mead Hoover Dam and Powerplant,24517,af,07/01/23
Lake Mead Hoover Dam and Powerplant,23580.9,af,07/02/23
Lake Mead Hoover Dam and Powerplant,29335,af,07/03/23
Lake Mead Hoover Dam and Powerplant,27980.8,af,07/04/23
Lake Mead Hoover Dam and Powerplant,30096.1,af,07/05/23
Lake Mead Hoover Dam and Powerplant,29714,af,07/06/23
Lake Mead Hoover Dam and Powerplant,25101.9,af,07/07/23
Lake Mead Hoover Dam and Powerplant,21172.1,af,07/08/23
Lake Mead Hoover Dam and Powerplant,17985.9,af,07/09/23
Lake Mead Hoover Dam and Powerplant,22986,af,07/10/23
Lake Mead Hoover Dam and Powerplant,20082.1,af,07/11/23
Lake Mead Hoover Dam and Powerplant,21038.9,af,07/12/23
Lake Mead Hoover Dam and Powerplant,21139.9,af,07/13/23
Lake Mead Hoover Dam and Powerplant,22022.1,af,07/14/23
Lake Mead Hoover Dam and Powerplant,20668,af,07/15/23
Lake Mead Hoover Dam and Powerplant,19503.2,af,07/16/23
Lake Mead Hoover Dam and Powerplant,25737.8,af,07/17/23
Lake Mead Hoover Dam and Powerplant,25842.2,af,07/18/23
Lake Mead Hoover Dam and Powerplant,24881.1,af,07/19/23
Lake Mead Hoover Dam and Powerplant,20898.8,af,07/20/23
Lake Mead Hoover Dam and Powerplant,26377.1,af,07/21/23
Lake Mead Hoover Dam and Powerplant,24046,af,07/22/23
Lake Mead Hoover Dam and Powerplant,24477.9,af,07/23/23
Lake Mead Hoover Dam and Powerplant,26018,af,07/24/23
Lake Mead Hoover Dam and Powerplant,26111.2,af,07/25/23
Lake Mead Hoover Dam and Powerplant,24557,af,07/26/23
Lake Mead Hoover Dam and Powerplant,29104.1,af,07/27/23
Lake Mead Hoover Dam and Powerplant,29958.1,af,07/28/23
Lake Mead Hoover Dam and Powerplant,22956.9,af,07/29/23
Lake Mead Hoover Dam and Powerplant,22822.1,af,07/30/23
Lake Mead Hoover Dam and Powerplant,29160,af,07/31/23
Lake Mead Hoover Dam and Powerplant,34995.2,af,08/01/23
Lake Mead Hoover Dam and Powerplant,23938.9,af,08/02/23
Lake Mead Hoover Dam and Powerplant,23579.9,af,08/03/23
Lake Mead Hoover Dam and Powerplant,18539.9,af,08/04/23
Lake Mead Hoover Dam and Powerplant,16895,af,08/05/23
Lake Mead Hoover Dam and Powerplant,21286.9,af,08/06/23
Lake Mead Hoover Dam and Powerplant,20720,af,08/07/23
Lake Mead Hoover Dam and Powerplant,16500.1,af,08/08/23
Lake Mead Hoover Dam and Powerplant,16383.1,af,08/09/23
Lake Mead Hoover Dam and Powerplant,15719.8,af,08/10/23
Lake Mead Hoover Dam and Powerplant,16419.2,af,08/11/23
Lake Mead Hoover Dam and Powerplant,14845,af,08/12/23
Lake Mead Hoover Dam and Powerplant,17566,af,08/13/23
Lake Mead Hoover Dam and Powerplant,19024,af,08/14/23
Lake Mead Hoover Dam and Powerplant,26267,af,08/15/23
Lake Mead Hoover Dam and Powerplant,34230.9,af,08/16/23
Lake Mead Hoover Dam and Powerplant,33673,af,08/17/23
Lake Mead Hoover Dam and Powerplant,23078.9,af,08/18/23
Lake Mead Hoover Dam and Powerplant,16932,af,08/19/23
Lake Mead Hoover Dam and Powerplant,21796,af,08/20/23
Lake Mead Hoover Dam and Powerplant,15245,af,08/21/23
Lake Mead Hoover Dam and Powerplant,10394,af,08/22/23
Lake Mead Hoover Dam and Powerplant,15287,af,08/23/23
Lake Mead Hoover Dam and Powerplant,15078,af,08/24/23
Lake Mead Hoover Dam and Powerplant,19190.2,af,08/25/23
Lake Mead Hoover Dam and Powerplant,15829,af,08/26/23
Lake Mead Hoover Dam and Powerplant,18964,af,08/27/23
Lake Mead Hoover Dam and Powerplant,9466.94,af,08/28/23
Lake Mead Hoover Dam and Powerplant,9258.84,af,08/29/23
Lake Mead Hoover Dam and Powerplant,10590.9,af,08/30/23
Lake Mead Hoover Dam and Powerplant,8363.88,af,08/31/23
Lake Mead Hoover Dam and Powerplant,15948.9,af,09/01/23
Lake Mead Hoover Dam and Powerplant,16932,af,09/02/23
Lake Mead Hoover Dam and Powerplant,16173.9,af,09/03/23
Lake Mead Hoover Dam and Powerplant,18353.1,af,09/04/23
Lake Mead Hoover Dam and Powerplant,13403,af,09/05/23
Lake Mead Hoover Dam and Powerplant,18985.3,af,09/06/23
Lake Mead Hoover Dam and Powerplant,22617,af,09/07/23
Lake Mead Hoover Dam and Powerplant,25045,af,09/08/23
Lake Mead Hoover Dam and Powerplant,23126.9,af,09/09/23
Lake Mead Hoover Dam and Powerplant,25245,af,09/10/23
Lake Mead Hoover Dam and Powerplant,15705.1,af,09/11/23
Lake Mead Hoover Dam and Powerplant,12716.9,af,09/12/23
Lake Mead Hoover Dam and Powerplant,11748.2,af,09/13/23
Lake Mead Hoover Dam and Powerplant,14932.1,af,09/14/23
Lake Mead Hoover Dam and Powerplant,10311.9,af,09/15/23
Lake Mead Hoover Dam and Powerplant,8659.09,af,09/16/23
Lake Mead Hoover Dam and Powerplant,9888.93,af,09/17/23
Lake Mead Hoover Dam and Powerplant,12414.9,af,09/18/23
Lake Mead Hoover Dam and Powerplant,15475,af,09/19/23
Lake Mead Hoover Dam and Powerplant,15136,af,09/20/23
Lake Mead Hoover Dam and Powerplant,14139.8,af,09/21/23
Lake Mead Hoover Dam and Powerplant,15562.8,af,09/22/23
Lake Mead Hoover Dam and Powerplant,13396.7,af,09/23/23
Lake Mead Hoover Dam and Powerplant,14442.1,af,09/24/23
Lake Mead Hoover Dam and Powerplant,17912,af,09/25/23
Lake Mead Hoover Dam and Powerplant,18056,af,09/26/23
Lake Mead Hoover Dam and Powerplant,20002.1,af,09/27/23
Lake Mead Hoover Dam and Powerplant,21197.9,af,09/28/23
Lake Mead Hoover Dam and Powerplant,19287,af,09/29/23
Lake Mead Hoover Dam and Powerplant,15581.2,af,09/30/23
Lake Mead Hoover Dam and Powerplant,11814,af,10/01/23
Lake Mead Hoover Dam and Powerplant,14493,af,10/02/23
Lake Mead Hoover Dam and Powerplant,16479,af,10/03/23
Lake Mead Hoover Dam and Powerplant,16102.1,af,10/04/23
Lake Mead Hoover Dam and Powerplant,14493.8,af,10/05/23
Lake Mead Hoover Dam and Powerplant,19309.1,af,10/06/23
Lake Mead Hoover Dam and Powerplant,16490.9,af,10/07/23
Lake Mead Hoover Dam and Powerplant,10882.8,af,10/08/23
Lake Mead Hoover Dam and Powerplant,9902.15,af,10/09/23
Lake Mead Hoover Dam and Powerplant,10288,af,10/10/23
Lake Mead Hoover Dam and Powerplant,8922.98,af,10/11/23
Lake Mead Hoover Dam and Powerplant,9210.08,af,10/12/23
Lake Mead Hoover Dam and Powerplant,6780.74,af,10/13/23
Lake Mead Hoover Dam and Powerplant,6894.79,af,10/14/23
Lake Mead Hoover Dam and Powerplant,10600.2,af,10/15/23
Lake Mead Hoover Dam and Powerplant,17720.1,af,10/16/23
Lake Mead Hoover Dam and Powerplant,18992,af,10/17/23
Lake Mead Hoover Dam and Powerplant,19650.1,af,10/18/23
Lake Mead Hoover Dam and Powerplant,21246.9,af,10/19/23
Lake Mead Hoover Dam and Powerplant,19298,af,10/20/23
Lake Mead Hoover Dam and Powerplant,14476,af,10/21/23
Lake Mead Hoover Dam and Powerplant,14552.8,af,10/22/23
Lake Mead Hoover Dam and Powerplant,17490,af,10/23/23
Lake Mead Hoover Dam and Powerplant,20042.1,af,10/24/23
Lake Mead Hoover Dam and Powerplant,21425,af,10/25/23
Lake Mead Hoover Dam and Powerplant,21492.9,af,10/26/23
Lake Mead Hoover Dam and Powerplant,20076,af,10/27/23
Lake Mead Hoover Dam and Powerplant,16623.1,af,10/28/23
Lake Mead Hoover Dam and Powerplant,20183.1,af,10/29/23
Lake Mead Hoover Dam and Powerplant,19966.2,af,10/30/23
Lake Mead Hoover Dam and Powerplant,20850,af,10/31/23
Lake Mead Hoover Dam and Powerplant,21243.9,af,11/01/23
Lake Mead Hoover Dam and Powerplant,19861.1,af,11/02/23
Lake Mead Hoover Dam and Powerplant,21477.9,af,11/03/23
Lake Mead Hoover Dam and Powerplant,15718.1,af,11/04/23
Lake Mead Hoover Dam and Powerplant,16609.2,af,11/05/23
Lake Mead Hoover Dam and Powerplant,18140,af,11/06/23
Lake Mead Hoover Dam and Powerplant,19620.2,af,11/07/23
Lake Mead Hoover Dam and Powerplant,19012.9,af,11/08/23
Lake Mead Hoover Dam and Powerplant,23167.9,af,11/09/23
Lake Mead Hoover Dam and Powerplant,22492.2,af,11/10/23
Lake Mead Hoover Dam and Powerplant,18354.9,af,11/11/23
Lake Mead Hoover Dam and Powerplant,17927.9,af,11/12/23
Lake Mead Hoover Dam and Powerplant,19904,af,11/13/23
Lake Mead Hoover Dam and Powerplant,20725.1,af,11/14/23
Lake Mead Hoover Dam and Powerplant,21403.1,af,11/15/23
Lake Mead Hoover Dam and Powerplant,18271.9,af,11/16/23
Lake Mead Hoover Dam and Powerplant,16615.8,af,11/17/23
Lake Mead Hoover Dam and Powerplant,14450.1,af,11/18/23
Lake Mead Hoover Dam and Powerplant,10802,af,11/19/23
Lake Mead Hoover Dam and Powerplant,18453.1,af,11/20/23
Lake Mead Hoover Dam and Powerplant,18332,af,11/21/23
Lake Mead Hoover Dam and Powerplant,17428.1,af,11/22/23
Lake Mead Hoover Dam and Powerplant,13713.9,af,11/23/23
Lake Mead Hoover Dam and Powerplant,14898.1,af,11/24/23
Lake Mead Hoover Dam and Powerplant,14054.2,af,11/25/23
Lake Mead Hoover Dam and Powerplant,15525,af,11/26/23
Lake Mead Hoover Dam and Powerplant,17156.8,af,11/27/23
Lake Mead Hoover Dam and Powerplant,19149.9,af,11/28/23
Lake Mead Hoover Dam and Powerplant,16589,af,11/29/23
Lake Mead Hoover Dam and Powerplant,11532.1,af,11/30/23
Lake Mead Hoover Dam and Powerplant,11497.9,af,12/01/23
Lake Mead Hoover Dam and Powerplant,8721.9,af,12/02/23
Lake Mead Hoover Dam and Powerplant,8572.89,af,12/03/23
Lake Mead Hoover Dam and Powerplant,10284.9,af,12/04/23
Lake Mead Hoover Dam and Powerplant,10131,af,12/05/23
Lake Mead Hoover Dam and Powerplant,12845,af,12/06/23
Lake Mead Hoover Dam and Powerplant,11140.8,af,12/07/23
Lake Mead Hoover Dam and Powerplant,11981,af,12/08/23
Lake Mead Hoover Dam and Powerplant,7833.97,af,12/09/23
Lake Mead Hoover Dam and Powerplant,11305.9,af,12/10/23
Lake Mead Hoover Dam and Powerplant,14038.2,af,12/11/23
Lake Mead Hoover Dam and Powerplant,12438,af,12/12/23
Lake Mead Hoover Dam and Powerplant,10152,af,12/13/23
Lake Mead Hoover Dam and Powerplant,11766.2,af,12/14/23
Lake Mead Hoover Dam and Powerplant,11277.2,af,12/15/23
Lake Mead Hoover Dam and Powerplant,10150.8,af,12/16/23
Lake Mead Hoover Dam and Powerplant,12428.2,af,12/17/23
Lake Mead Hoover Dam and Powerplant,12692.1,af,12/18/23
Lake Mead Hoover Dam and Powerplant,10931.9,af,12/19/23
Lake Mead Hoover Dam and Powerplant,11134,af,12/20/23
Lake Mead Hoover Dam and Powerplant,11437.9,af,12/21/23
Lake Mead Hoover Dam and Powerplant,11206.2,af,12/22/23
Lake Mead Hoover Dam and Powerplant,8483.14,af,12/23/23
Lake Mead Hoover Dam and Powerplant,10343.9,af,12/24/23
Lake Mead Hoover Dam and Powerplant,11958.1,af,12/25/23
Lake Mead Hoover Dam and Powerplant,12143.1,af,12/26/23
Lake Mead Hoover Dam and Powerplant,15802.9,af,12/27/23
Lake Mead Hoover Dam and Powerplant,15532,af,12/28/23
Lake Mead Hoover Dam and Powerplant,14313,af,12/29/23
Lake Mead Hoover Dam and Powerplant,12178.8,af,12/30/23
Lake Mead Hoover Dam and Powerplant,17435,af,12/31/23
Lake Mead Hoover Dam and Powerplant,11332,af,01/01/24
Lake Mead Hoover Dam and Powerplant,12063.8,af,01/02/24
Lake Mead Hoover Dam and Powerplant,10517.9,af,01/03/24
Lake Mead Hoover Dam and Powerplant,9939.92,af,01/04/24
Lake Mead Hoover Dam and Powerplant,12068.8,af,01/05/24
Lake Mead Hoover Dam and Powerplant,7339.92,af,01/06/24
Lake Mead Hoover Dam and Powerplant,11000.2,af,01/07/24
Lake Mead Hoover Dam and Powerplant,11364.2,af,01/08/24
Lake Mead Hoover Dam and Powerplant,11416.9,af,01/09/24
Lake Mead Hoover Dam and Powerplant,12606.8,af,01/10/24
Lake Mead Hoover Dam and Powerplant,9137.93,af,01/11/24
Lake Mead Hoover Dam and Powerplant,9628.1,af,01/12/24
Lake Mead Hoover Dam and Powerplant,9659.01,af,01/13/24
Lake Mead Hoover Dam and Powerplant,9150.91,af,01/14/24
Lake Mead Hoover Dam and Powerplant,18259.9,af,01/15/24
Lake Mead Hoover Dam and Powerplant,17795,af,01/16/24
Lake Mead Hoover Dam and Powerplant,18675,af,01/17/24
Lake Mead Hoover Dam and Powerplant,17500,af,01/18/24
Lake Mead Hoover Dam and Powerplant,13654,af,01/19/24
Lake Mead Hoover Dam and Powerplant,12114.9,af,01/20/24
Lake Mead Hoover Dam and Powerplant,16014,af,01/21/24
Lake Mead Hoover Dam and Powerplant,13924,af,01/22/24
Lake Mead Hoover Dam and Powerplant,14842,af,01/23/24
Lake Mead Hoover Dam and Powerplant,14860,af,01/24/24
Lake Mead Hoover Dam and Powerplant,12370.1,af,01/25/24
Lake Mead Hoover Dam and Powerplant,9634.79,af,01/26/24
Lake Mead Hoover Dam and Powerplant,10245,af,01/27/24
Lake Mead Hoover Dam and Powerplant,7703.31,af,01/28/24
Lake Mead Hoover Dam and Powerplant,7196.2,af,01/29/24
Lake Mead Hoover Dam and Powerplant,7958.93,af,01/30/24
Lake Mead Hoover Dam and Powerplant,8224.05,af,01/31/24
Lake Mead Hoover Dam and Powerplant,8053.97,af,02/01/24
Lake Mead Hoover Dam and Powerplant,10329,af,02/02/24
Lake Mead Hoover Dam and Powerplant,7480.99,af,02/03/24
Lake Mead Hoover Dam and Powerplant,12562.8,af,02/04/24
Lake Mead Hoover Dam and Powerplant,10111.9,af,02/05/24
Lake Mead Hoover Dam and Powerplant,10011,af,02/06/24
Lake Mead Hoover Dam and Powerplant,10021.9,af,02/07/24
Lake Mead Hoover Dam and Powerplant,10773,af,02/08/24
Lake Mead Hoover Dam and Powerplant,11432.8,af,02/09/24
Lake Mead Hoover Dam and Powerplant,7312.98,af,02/10/24
Lake Mead Hoover Dam and Powerplant,8138.02,af,02/11/24
Lake Mead Hoover Dam and Powerplant,10967.1,af,02/12/24
Lake Mead Hoover Dam and Powerplant,9858.1,af,02/13/24
Lake Mead Hoover Dam and Powerplant,10538.2,af,02/14/24
Lake Mead Hoover Dam and Powerplant,13730.2,af,02/15/24
Lake Mead Hoover Dam and Powerplant,12278.9,af,02/16/24
Lake Mead Hoover Dam and Powerplant,9788.1,af,02/17/24
Lake Mead Hoover Dam and Powerplant,10652.1,af,02/18/24
Lake Mead Hoover Dam and Powerplant,14472,af,02/19/24
Lake Mead Hoover Dam and Powerplant,16398.9,af,02/20/24
Lake Mead Hoover Dam and Powerplant,13577.1,af,02/21/24
Lake Mead Hoover Dam and Powerplant,14405.2,af,02/22/24
Lake Mead Hoover Dam and Powerplant,14650.2,af,02/23/24
Lake Mead Hoover Dam and Powerplant,10027,af,02/24/24
Lake Mead Hoover Dam and Powerplant,13352.9,af,02/25/24
Lake Mead Hoover Dam and Powerplant,14281.9,af,02/26/24
Lake Mead Hoover Dam and Powerplant,21313.1,af,02/27/24
Lake Mead Hoover Dam and Powerplant,24778,af,02/28/24
Lake Mead Hoover Dam and Powerplant,21118.8,af,02/29/24
Lake Mead Hoover Dam and Powerplant,23556.8,af,03/01/24
Lake Mead Hoover Dam and Powerplant,21565.1,af,03/02/24
Lake Mead Hoover Dam and Powerplant,19935,af,03/03/24
Lake Mead Hoover Dam and Powerplant,22347.9,af,03/04/24
Lake Mead Hoover Dam and Powerplant,23863,af,03/05/24
Lake Mead Hoover Dam and Powerplant,28256.1,af,03/06/24
Lake Mead Hoover Dam and Powerplant,30548.8,af,03/07/24
Lake Mead Hoover Dam and Powerplant,26418.8,af,03/08/24
Lake Mead Hoover Dam and Powerplant,23506.2,af,03/09/24
Lake Mead Hoover Dam and Powerplant,21555.1,af,03/10/24
Lake Mead Hoover Dam and Powerplant,25362.2,af,03/11/24
Lake Mead Hoover Dam and Powerplant,31571.3,af,03/12/24
Lake Mead Hoover Dam and Powerplant,28956.9,af,03/13/24
Lake Mead Hoover Dam and Powerplant,28060,af,03/14/24
Lake Mead Hoover Dam and Powerplant,30532.9,af,03/15/24
Lake Mead Hoover Dam and Powerplant,24472,af,03/16/24
Lake Mead Hoover Dam and Powerplant,24373,af,03/17/24
Lake Mead Hoover Dam and Powerplant,28408.9,af,03/18/24
Lake Mead Hoover Dam and Powerplant,29972.1,af,03/19/24
Lake Mead Hoover Dam and Powerplant,29316,af,03/20/24
Lake Mead Hoover Dam and Powerplant,27146.9,af,03/21/24
Lake Mead Hoover Dam and Powerplant,25433.1,af,03/22/24
Lake Mead Hoover Dam and Powerplant,23686,af,03/23/24
Lake Mead Hoover Dam and Powerplant,26873,af,03/24/24
Lake Mead Hoover Dam and Powerplant,21695,af,03/25/24
Lake Mead Hoover Dam and Powerplant,22338,af,03/26/24
Lake Mead Hoover Dam and Powerplant,26238.9,af,03/27/24
Lake Mead Hoover Dam and Powerplant,27967.1,af,03/28/24
Lake Mead Hoover Dam and Powerplant,28570.9,af,03/29/24
Lake Mead Hoover Dam and Powerplant,24326,af,03/30/24
Lake Mead Hoover Dam and Powerplant,21914,af,03/31/24
Lake Mead Hoover Dam and Powerplant,31353.1,af,04/01/24
Lake Mead Hoover Dam and Powerplant,26484.9,af,04/02/24
Lake Mead Hoover Dam and Powerplant,27894.9,af,04/03/24
Lake Mead Hoover Dam and Powerplant,33628.1,af,04/04/24
Lake Mead Hoover Dam and Powerplant,34091.9,af,04/05/24
Lake Mead Hoover Dam and Powerplant,31478,af,04/06/24
Lake Mead Hoover Dam and Powerplant,27332.9,af,04/07/24
Lake Mead Hoover Dam and Powerplant,28920.1,af,04/08/24
Lake Mead Hoover Dam and Powerplant,29356.1,af,04/09/24
Lake Mead Hoover Dam and Powerplant,34800.1,af,04/10/24
Lake Mead Hoover Dam and Powerplant,34717,af,04/11/24
Lake Mead Hoover Dam and Powerplant,24564.9,af,04/12/24
Lake Mead Hoover Dam and Powerplant,18744.8,af,04/13/24
Lake Mead Hoover Dam and Powerplant,20869,af,04/14/24
Lake Mead Hoover Dam and Powerplant,25296.9,af,04/15/24
Lake Mead Hoover Dam and Powerplant,29937.9,af,04/16/24
Lake Mead Hoover Dam and Powerplant,29073,af,04/17/24
Lake Mead Hoover Dam and Powerplant,31045.1,af,04/18/24
Lake Mead Hoover Dam and Powerplant,30340,af,04/19/24
Lake Mead Hoover Dam and Powerplant,27317.9,af,04/20/24
Lake Mead Hoover Dam and Powerplant,25172.8,af,04/21/24
Lake Mead Hoover Dam and Powerplant,31981.9,af,04/22/24
Lake Mead Hoover Dam and Powerplant,36619.9,af,04/23/24
Lake Mead Hoover Dam and Powerplant,30864.3,af,04/24/24
Lake Mead Hoover Dam and Powerplant,30099,af,04/25/24
Lake Mead Hoover Dam and Powerplant,33128,af,04/26/24
Lake Mead Hoover Dam and Powerplant,26758.9,af,04/27/24
Lake Mead Hoover Dam and Powerplant,27611,af,04/28/24
Lake Mead Hoover Dam and Powerplant,36541.1,af,04/29/24
Lake Mead Hoover Dam and Powerplant,38900,af,04/30/24
Lake Mead Hoover Dam and Powerplant,31380,af,05/01/24
Lake Mead Hoover Dam and Powerplant,33431,af,05/02/24
Lake Mead Hoover Dam and Powerplant,31207.1,af,05/03/24
Lake Mead Hoover Dam and Powerplant,33767.9,af,05/04/24
Lake Mead Hoover Dam and Powerplant,25637.9,af,05/05/24
Lake Mead Hoover Dam and Powerplant,30638,af,05/06/24
Lake Mead Hoover Dam and Powerplant,34833,af,05/07/24
Lake Mead Hoover Dam and Powerplant,37511,af,05/08/24
Lake Mead Hoover Dam and Powerplant,40843,af,05/09/24
Lake Mead Hoover Dam and Powerplant,41075,af,05/10/24
Lake Mead Hoover Dam and Powerplant,33813.1,af,05/11/24
Lake Mead Hoover Dam and Powerplant,30141.7,af,05/12/24
Lake Mead Hoover Dam and Powerplant,36130.9,af,05/13/24
Lake Mead Hoover Dam and Powerplant,35989.1,af,05/14/24
Lake Mead Hoover Dam and Powerplant,32319,af,05/15/24
Lake Mead Hoover Dam and Powerplant,31396,af,05/16/24
Lake Mead Hoover Dam and Powerplant,28054.9,af,05/17/24
Lake Mead Hoover Dam and Powerplant,24011.1,af,05/18/24
Lake Mead Hoover Dam and Powerplant,24571.9,af,05/19/24
Lake Mead Hoover Dam and Powerplant,27447.7,af,05/20/24
Lake Mead Hoover Dam and Powerplant,31178.2,af,05/21/24
Lake Mead Hoover Dam and Powerplant,33265.8,af,05/22/24
Lake Mead Hoover Dam and Powerplant,32930.1,af,05/23/24
Lake Mead Hoover Dam and Powerplant,34260.7,af,05/24/24
Lake Mead Hoover Dam and Powerplant,26669.9,af,05/25/24
Lake Mead Hoover Dam and Powerplant,24157.1,af,05/26/24
Lake Mead Hoover Dam and Powerplant,29849.7,af,05/27/24
Lake Mead Hoover Dam and Powerplant,30694.9,af,05/28/24
Lake Mead Hoover Dam and Powerplant,32719.7,af,05/29/24
Lake Mead Hoover Dam and Powerplant,37134.1,af,05/30/24
Lake Mead Hoover Dam and Powerplant,35314.9,af,05/31/24
Lake Mead Hoover Dam and Powerplant,28306.9,af,06/01/24
Lake Mead Hoover Dam and Powerplant,27516.9,af,06/02/24
Lake Mead Hoover Dam and Powerplant,32183.1,af,06/03/24
Lake Mead Hoover Dam and Powerplant,35216,af,06/04/24
Lake Mead Hoover Dam and Powerplant,37268.1,af,06/05/24
Lake Mead Hoover Dam and Powerplant,38723.8,af,06/06/24
Lake Mead Hoover Dam and Powerplant,32522.2,af,06/07/24
Lake Mead Hoover Dam and Powerplant,22231,af,06/08/24
Lake Mead Hoover Dam and Powerplant,23027,af,06/09/24
Lake Mead Hoover Dam and Powerplant,33417.9,af,06/10/24
Lake Mead Hoover Dam and Powerplant,36537.9,af,06/11/24
Lake Mead Hoover Dam and Powerplant,37893,af,06/12/24
Lake Mead Hoover Dam and Powerplant,37900,af,06/13/24
Lake Mead Hoover Dam and Powerplant,39893.1,af,06/14/24
Lake Mead Hoover Dam and Powerplant,31099.8,af,06/15/24
Lake Mead Hoover Dam and Powerplant,30512,af,06/16/24
Lake Mead Hoover Dam and Powerplant,27737.9,af,06/17/24
Lake Mead Hoover Dam and Powerplant,30978.1,af,06/18/24
Lake Mead Hoover Dam and Powerplant,27766,af,06/19/24
Lake Mead Hoover Dam and Powerplant,31824.8,af,06/20/24
Lake Mead Hoover Dam and Powerplant,35070.8,af,06/21/24
Lake Mead Hoover Dam and Powerplant,31892.1,af,06/22/24
Lake Mead Hoover Dam and Powerplant,30976.1,af,06/23/24
Lake Mead Hoover Dam and Powerplant,31080.1,af,06/24/24
Lake Mead Hoover Dam and Powerplant,31927,af,06/25/24
Lake Mead Hoover Dam and Powerplant,28930.7,af,06/26/24
Lake Mead Hoover Dam and Powerplant,30204.9,af,06/27/24
Lake Mead Hoover Dam and Powerplant,30354,af,06/28/24
Lake Mead Hoover Dam and Powerplant,26557.2,af,06/29/24
Lake Mead Hoover Dam and Powerplant,28340,af,06/30/24
Lake Mead Hoover Dam and Powerplant,20679.9,af,07/01/24
Lake Mead Hoover Dam and Powerplant,21580.9,af,07/02/24
Lake Mead Hoover Dam and Powerplant,23248.1,af,07/03/24
Lake Mead Hoover Dam and Powerplant,20501.7,af,07/04/24
Lake Mead Hoover Dam and Powerplant,23967.2,af,07/05/24
Lake Mead Hoover Dam and Powerplant,26426,af,07/06/24
Lake Mead Hoover Dam and Powerplant,21861.9,af,07/07/24
Lake Mead Hoover Dam and Powerplant,23248.2,af,07/08/24
Lake Mead Hoover Dam and Powerplant,24527.9,af,07/09/24
Lake Mead Hoover Dam and Powerplant,27280.1,af,07/10/24
Lake Mead Hoover Dam and Powerplant,25265.3,af,07/11/24
Lake Mead Hoover Dam and Powerplant,22648,af,07/12/24
Lake Mead Hoover Dam and Powerplant,17689.8,af,07/13/24
Lake Mead Hoover Dam and Powerplant,16491.9,af,07/14/24
Lake Mead Hoover Dam and Powerplant,21603.2,af,07/15/24
Lake Mead Hoover Dam and Powerplant,24075,af,07/16/24
Lake Mead Hoover Dam and Powerplant,24908,af,07/17/24
Lake Mead Hoover Dam and Powerplant,29896,af,07/18/24
Lake Mead Hoover Dam and Powerplant,28343,af,07/19/24
Lake Mead Hoover Dam and Powerplant,25755.1,af,07/20/24
Lake Mead Hoover Dam and Powerplant,23503.9,af,07/21/24
Lake Mead Hoover Dam and Powerplant,25576,af,07/22/24
Lake Mead Hoover Dam and Powerplant,29664.7,af,07/23/24
Lake Mead Hoover Dam and Powerplant,30056,af,07/24/24
Lake Mead Hoover Dam and Powerplant,30587.1,af,07/25/24
Lake Mead Hoover Dam and Powerplant,27607.1,af,07/26/24
Lake Mead Hoover Dam and Powerplant,21046.8,af,07/27/24
Lake Mead Hoover Dam and Powerplant,20216.2,af,07/28/24
Lake Mead Hoover Dam and Powerplant,22173.2,af,07/29/24
Lake Mead Hoover Dam and Powerplant,26250,af,07/30/24
Lake Mead Hoover Dam and Powerplant,28686.2,af,07/31/24
Lake Mead Hoover Dam and Powerplant,24074,af,08/01/24
Lake Mead Hoover Dam and Powerplant,24109.9,af,08/02/24
Lake Mead Hoover Dam and Powerplant,23025.2,af,08/03/24
Lake Mead Hoover Dam and Powerplant,20894.2,af,08/04/24
Lake Mead Hoover Dam and Powerplant,23714.8,af,08/05/24
Lake Mead Hoover Dam and Powerplant,29068.9,af,08/06/24
Lake Mead Hoover Dam and Powerplant,21480,af,08/07/24
Lake Mead Hoover Dam and Powerplant,18340.1,af,08/08/24
Lake Mead Hoover Dam and Powerplant,21314,af,08/09/24
Lake Mead Hoover Dam and Powerplant,16716.9,af,08/10/24
Lake Mead Hoover Dam and Powerplant,15320.9,af,08/11/24
Lake Mead Hoover Dam and Powerplant,15680.1,af,08/12/24
Lake Mead Hoover Dam and Powerplant,14403,af,08/13/24
Lake Mead Hoover Dam and Powerplant,14231,af,08/14/24
Lake Mead Hoover Dam and Powerplant,18100.2,af,08/15/24
Lake Mead Hoover Dam and Powerplant,17355,af,08/16/24
Lake Mead Hoover Dam and Powerplant,15294,af,08/17/24
Lake Mead Hoover Dam and Powerplant,14607.9,af,08/18/24
Lake Mead Hoover Dam and Powerplant,20570.1,af,08/19/24
Lake Mead Hoover Dam and Powerplant,25159.8,af,08/20/24
Lake Mead Hoover Dam and Powerplant,22777.9,af,08/21/24
Lake Mead Hoover Dam and Powerplant,21703.9,af,08/22/24
Lake Mead Hoover Dam and Powerplant,19989.8,af,08/23/24
Lake Mead Hoover Dam and Powerplant,16472.1,af,08/24/24
Lake Mead Hoover Dam and Powerplant,16709.1,af,08/25/24
Lake Mead Hoover Dam and Powerplant,17937.9,af,08/26/24
Lake Mead Hoover Dam and Powerplant,19872.2,af,08/27/24
Lake Mead Hoover Dam and Powerplant,20906.9,af,08/28/24
Lake Mead Hoover Dam and Powerplant,22135,af,08/29/24
Lake Mead Hoover Dam and Powerplant,22483.3,af,08/30/24
Lake Mead Hoover Dam and Powerplant,19193,af,08/31/24
Lake Mead Hoover Dam and Powerplant,12374,af,09/01/24
Lake Mead Hoover Dam and Powerplant,15238.3,af,09/02/24
Lake Mead Hoover Dam and Powerplant,15300,af,09/03/24
Lake Mead Hoover Dam and Powerplant,16204.8,af,09/04/24
Lake Mead Hoover Dam and Powerplant,17506,af,09/05/24
Lake Mead Hoover Dam and Powerplant,17352.1,af,09/06/24
Lake Mead Hoover Dam and Powerplant,13589.8,af,09/07/24
Lake Mead Hoover Dam and Powerplant,13868.9,af,09/08/24
Lake Mead Hoover Dam and Powerplant,15782.1,af,09/09/24
Lake Mead Hoover Dam and Powerplant,19696.9,af,09/10/24
Lake Mead Hoover Dam and Powerplant,17907.9,af,09/11/24
Lake Mead Hoover Dam and Powerplant,15921.2,af,09/12/24
Lake Mead Hoover Dam and Powerplant,16565.2,af,09/13/24
Lake Mead Hoover Dam and Powerplant,14027.9,af,09/14/24
Lake Mead Hoover Dam and Powerplant,14102.3,af,09/15/24
Lake Mead Hoover Dam and Powerplant,16915.9,af,09/16/24
Lake Mead Hoover Dam and Powerplant,16560.7,af,09/17/24
Lake Mead Hoover Dam and Powerplant,18369,af,09/18/24
Lake Mead Hoover Dam and Powerplant,19289,af,09/19/24
Lake Mead Hoover Dam and Powerplant,20108.2,af,09/20/24
Lake Mead Hoover Dam and Powerplant,14724.3,af,09/21/24
